chr	location	annotation	tBC	strand	exp
chr2	182695355	13_Heterochrom/lo	ATACCGGTGTGGTCGT	+	-2.144675334575763
chr2	148825730	13_Heterochrom/lo	GCCTCATCGAAGCTCA	+	-2.573346395246714
chrX	57075675	13_Heterochrom/lo	CACGTGAGCGCGACTA	-	-1.075765833144358
chr3	182143706	1_Active_Promoter	CCGTAACATTTTGTCA	+	-0.24823845261583088
chr2	95850473	13_Heterochrom/lo	TGCAGAAAGCGCAGGT	-	-1.8790415390008617
chr5	104936301	13_Heterochrom/lo	CGAATCTAGTTATTCA	+	-3.825384669295648
chr6	158467012	11_Weak_Txn	CGTCTAGTTTTTGAAC	-	1.4389791375512584
chr3	43587796	10_Txn_Elongation	CGGCGAATTAGGTGCG	-	-0.8672671454948085
chr1	157250776	7_Weak_Enhancer	TTGCCGCAGGCTGTTC	+	-1.5362628562085885
chr6	12505014	13_Heterochrom/lo	AAAATAATCTGTGTCA	-	-2.9187023627033515
chr16	77410699	13_Heterochrom/lo	TTTAGTTGCTTGCCTA	+	1.1151788996001295
chrX	61833075	15_Repetitive/CNV	TATGTAGGCTAATGGA	+	0.9329886100708311
chr2	20996719	11_Weak_Txn	TGATCAAGTTATGTGC	-	0.27975413078463557
chr1	51590612	12_Repressed	CTTCACTAGTTACCAT	+	0.12470288496973488
chr13	66587199	13_Heterochrom/lo	GAATTAGTCACTGGTG	-	-0.30349360715068596
chr9	250400	4_Strong_Enhancer	CGTTTTGGGTCGTGTT	-	1.6618668811942297
chr1	165827539	1_Active_Promoter	TGTTTCAATGGCTATA	-	-1.5425301883987008
chr1	208046032	12_Repressed	CAGAGCGCTTGTTTTG	-	-1.4862699691435168
chr5	36240541	1_Active_Promoter	TCTTTTTTTGGAACAC	-	-0.9278403714391571
chr10	3830008	7_Weak_Enhancer	AAATGGTTAGGTATCC	+	-1.2327369154423549
chr11	69231757	13_Heterochrom/lo	CATCAACTTCAGGATA	-	1.1739572394757107
chr11	118029675	13_Heterochrom/lo	TATAATGTAGACGTTC	-	-1.4783435902441373
chr2	155232042	2_Weak_Promoter	GTTTGCGAGCCTCATA	-	-1.2277828882395314
chr14	64853729	11_Weak_Txn	GTTTTTAAGCTTTTGA	-	-0.0024666749885046187
chr1	25619722	12_Repressed	CTTGCGTAAACATGCG	+	-0.2189974512665577
chr11	316200	4_Strong_Enhancer	GATGAACTGTAGTCTT	+	0.6548093309863859
chr4	15679079	2_Weak_Promoter	TCTGAGGCATGGGGAA	-	-0.5934301621145182
chr6	161313178	1_Active_Promoter	TATTAGTTAGTATTTC	+	2.091658451662053
chr9	77905464	7_Weak_Enhancer	ATGCGTTATTTAATGT	+	-1.4200682363670032
chr3	142065468	13_Heterochrom/lo	AATGGTCCTGTATTTC	-	-0.8401662289758544
chr9	39026003	7_Weak_Enhancer	GTTAGATTTCTAACTA	-	-2.383659468402821
chr17	69856264	5_Strong_Enhancer	AACACTCATTCGCTGA	-	-0.9699362520631873
chr5	169853818	13_Heterochrom/lo	TGTACGTCAATTAACC	+	-1.354032385657865
chr10	118327098	10_Txn_Elongation	CTATATGAGGACTGTC	+	0.7801962529520715
chr21	19901015	13_Heterochrom/lo	CTTGATCAGGGGTTCA	-	-0.8407922942054498
chr1	159005186	7_Weak_Enhancer	CTTAATGGTATTGTGT	+	0.7921366906009519
chr2	177211426	1_Active_Promoter	ATGCACCTCCCATCTT	-	-0.7754220315360796
chr19	50588931	5_Strong_Enhancer	ATATTCCATGCCATAT	-	1.6887374383011062
chr4	10239678	4_Strong_Enhancer	ATCTGACGGCTCTCTC	+	0.6748423735892809
chr1	111766655	9_Txn_Transition	CTTATGTTGGGGTCCA	+	-0.476810580653378
chr2	102051507	7_Weak_Enhancer	GGGTGATTTTTCTATT	+	0.7501123449696823
chr5	178450993	7_Weak_Enhancer	TGTTAAGGAGATACAT	+	0.7425198271715273
chr2	55392960	11_Weak_Txn	TAGTACGAAATGTTTC	+	-1.1743249981302004
chr2	65489962	11_Weak_Txn	GAAGCGACTAAAGCAT	+	-2.110167047074343
chr6	122715556	11_Weak_Txn	TAATCTTATTAACTAT	+	-2.364348195081055
chr7	16036850	13_Heterochrom/lo	GATGTATTATTTCGTA	-	-3.9244809052759857
chr3	79919360	13_Heterochrom/lo	GTCTGCCAGATAATTT	+	-3.9691180535115627
chr15	95580367	13_Heterochrom/lo	ATTTCATGCATAGAGA	+	-0.30737577678097794
chr7	84491148	13_Heterochrom/lo	TGCTCAACTTTTATCT	+	-1.509553735408548
chr11	72727907	11_Weak_Txn	TATTGTATCTAATAAG	-	1.012483009072131
chr14	29691043	13_Heterochrom/lo	AATGCCGGAGTTGTTA	+	-2.540123998674284
chr6	121163155	13_Heterochrom/lo	TATTACTTACTCGGTC	+	-2.2197829623641017
chr6	146890571	4_Strong_Enhancer	TATAGCATGTATTTGG	-	-1.3674737102212722
chr3	14439288	4_Strong_Enhancer	TTATACTTCCCATCGA	+	0.48412896383136433
chr6	158789180	9_Txn_Transition	TAGAGTCTGAAACGAA	-	-1.129485769041401
chr3	100069266	11_Weak_Txn	ATTAATCAAATTTGAT	-	-0.4885481532724739
chr1	52142940	2_Weak_Promoter	GATTATCCTTGCTGCA	+	-1.7805895377471417
chr2	171658844	12_Repressed	CATACTTTCCCGTCTT	+	-0.8155683491086057
chr9	91925697	11_Weak_Txn	TTGTTCATGGTTAAAT	-	-1.2391438956160452
chr1	167547939	4_Strong_Enhancer	GTATCGGTTTACGTAC	+	-0.5034698484463026
chr2	54206559	8_Insulator	CTTGAAAAAGAGGTTT	+	-2.1410400228794457
chr7	13851250	13_Heterochrom/lo	TATCCAAGCTAATAAA	-	-0.6582407436298142
chr7	40348476	13_Heterochrom/lo	AATATTTGGCGATTCC	-	0.8273757051480779
chr12	127059702	1_Active_Promoter	CAGATTCTTGCTAAAA	+	-0.6918494070693817
chr15	87673765	11_Weak_Txn	AGTTTCTCATGCTCAC	-	-2.3631912280984313
chr20	47606049	4_Strong_Enhancer	TATTTTTACCTGGTCA	-	0.159523672019208
chrX	2447559	13_Heterochrom/lo	TTGATACTTCTCCTCC	+	-1.3553756584133723
chr8	142494837	13_Heterochrom/lo	CATGTCTCAAGTTAAT	-	-0.6957744664822332
chr6	149319571	2_Weak_Promoter	GGCGATTATCGGTGCT	-	-0.11789824492834422
chr12	111532413	10_Txn_Elongation	ACTGGTGTATATTTCA	+	0.24972868256806008
chr22	19429477	15_Repetitive/CNV	TTGTAACGGAATAACA	-	-1.641465078192493
chr2	15557625	4_Strong_Enhancer	TGATGATTGCTTCAGT	+	0.24384465532024535
chr12	9686137	5_Strong_Enhancer	CTTATGTCTGTTGCTA	-	0.5813836898546012
chr9	136885527	1_Active_Promoter	TCGTTTGGCTTTGCGA	-	0.24837183087674303
chr5	141300451	7_Weak_Enhancer	TTCAGATATGTGTTCA	+	-2.137189770579194
chr8	109393395	5_Strong_Enhancer	TTTAAGGTGAGTCACA	-	-0.9892326724029055
chr7	38248674	13_Heterochrom/lo	TTATCAAACTGCCAAT	+	-0.4163586922321642
chr19	30367253	12_Repressed	AGATACTCAGTTGTGC	+	-1.4597939053877937
chr3	24169505	11_Weak_Txn	TAGGACTACACATGAA	-	-2.694483831576148
chr5	38266141	13_Heterochrom/lo	TCGGATGTACACTCTC	-	-1.9266785596252554
chr20	58635738	12_Repressed	TTCGTCTAGTCTATGA	-	-0.44055349460988147
chr19	54187106	4_Strong_Enhancer	TGGGAAGACAAATACC	+	-0.5727217555958488
chr4	76340823	6_Weak_Enhancer	TATTCCGTTCTAAGAC	-	1.1262193272754943
chr6	118777544	12_Repressed	TTTCTTTATCTAAGGT	+	0.4331539206974949
chr2	65478762	11_Weak_Txn	CAAATGGTAAATCGTA	-	-0.1299042390057042
chr14	63887729	13_Heterochrom/lo	GCTGCGTCGAAAACCA	-	-2.082304240057992
chr4	140029196	12_Repressed	GTAAGTCTGAGGTTAA	-	1.3851910238979261
chr5	119031806	7_Weak_Enhancer	GTTGATGTTAGTGCGC	-	-1.817984798960812
chr5	134196610	10_Txn_Elongation	CGTTTTCAATGGGTGG	+	0.6795021416662349
chr5	101180597	13_Heterochrom/lo	GGCAGCAAAGGAAGCG	+	0.30841660004608806
chr16	75595001	5_Strong_Enhancer	CTTGTCGCGTCTCTGT	-	0.6936201406121586
chr22	30209611	7_Weak_Enhancer	CGAACTGGGGCTCTTT	-	1.4912391297918939
chr1	205210049	4_Strong_Enhancer	CTAATCGAGGTTAGGC	-	0.70075611649425
chr4	74098219	1_Active_Promoter	AATCCAACTTCCTGAG	+	2.3046882578321535
chr15	38310107	13_Heterochrom/lo	AGTCGCATGTAGACAA	-	-1.9302827756585137
chr3	81686159	13_Heterochrom/lo	TATCACCGTCTAAGTA	-	0.7971183676081601
chr7	158739948	4_Strong_Enhancer	CATCTCGCTTTTACGA	+	-0.9322875975491921
chr10	50882034	13_Heterochrom/lo	GTCTTTTCATGTTCAT	+	-2.3114966813578657
chr6	151451172	1_Active_Promoter	AAGTGTCGCCTAGACA	+	-1.380400255985578
chr16	2755798	9_Txn_Transition	GCACCGTGTCACTTTA	+	-0.5138203677812292
chr1	94613256	13_Heterochrom/lo	TTTGCTTAAAAGGTCA	+	-0.873262127622551
chr20	10696952	13_Heterochrom/lo	CCTAGTAAATTTCGTG	-	-0.5818763552480266
chr15	56869910	13_Heterochrom/lo	CACATCCAAACAAGCA	+	1.1976107501070983
chr4	128689795	13_Heterochrom/lo	GTGGTGGGTACATCTT	+	-1.8976743961075577
chr2	190180429	1_Active_Promoter	ACACCGCAGATTCACA	-	0.6154324938341018
chr3	152243521	1_Active_Promoter	TACGATAACTCTTTTG	-	0.2765948047900966
chr7	7181444	1_Active_Promoter	AATCGCTTTTTATTTC	-	-0.6021902354862995
chr7	106977719	4_Strong_Enhancer	TTTGTATCTTCTGTTA	+	-0.4084498764144854
chr11	60126951	5_Strong_Enhancer	ATATTTTCACTCTAAT	+	-1.5500370689249712
chr6	31729044	4_Strong_Enhancer	TTTATTTCTTTCTCAA	-	-0.9305948741430136
chr12	95159693	11_Weak_Txn	TCTCTTTCTTTAATAG	-	0.17334428122860984
chr20	26141364	11_Weak_Txn	TCTGAGGACAGATCAC	+	-1.1194241277025991
chr4	168422074	13_Heterochrom/lo	CGTTACTTGTCGCGCA	-	1.0967957061726867
chr9	68764064	11_Weak_Txn	TAGTTTTATGTCTATC	+	-0.3136014518457075
chr14	63470929	7_Weak_Enhancer	ATTTAAGCCTACGCCA	-	-0.3234662324952934
chr14	71419330	13_Heterochrom/lo	TAAAAAGGAAAAAGTA	+	-1.6446360532417357
chr15	49748111	7_Weak_Enhancer	CATTAGATGGCGCCCT	+	-1.032576587436512
chr19	598000	11_Weak_Txn	CGTTATGTTACGTCCA	+	-1.8403951143600066
chr20	47315449	4_Strong_Enhancer	TGTGGTCAAAATGTGA	+	1.485521712404669
chr1	45302941	1_Active_Promoter	AATGATTGCAGTGCCT	+	0.6358107370001858
chr2	32991829	7_Weak_Enhancer	TCTTTGTTGCTCGTAA	+	-0.7390846250379327
chr3	158737117	7_Weak_Enhancer	TTTGCTGGTACAAAAT	+	-0.3265230794284096
chr7	20754252	13_Heterochrom/lo	TAATAACTTAGCTATG	-	-1.3938163112715842
chr8	17227120	10_Txn_Elongation	ATTTATCATAGCTTTA	-	-2.3157841213905477
chr11	59921151	13_Heterochrom/lo	TTTACGATTGATTATC	+	0.38883885029775944
chr16	30444178	4_Strong_Enhancer	AACTGTGATAGCAGAT	+	1.0262397689423417
chr1	61135540	7_Weak_Enhancer	GGAATGTTACTATCCA	-	0.4699344635687946
chr1	121483479	7_Weak_Enhancer	TAATGATAAATTTGGA	+	-1.2559518260831353
chr1	221601235	7_Weak_Enhancer	TGCCTAGGATGTTAGT	-	-1.5754508302043022
chr1	243393275	11_Weak_Txn	ACAAGTAGTGTCAGGA	-	-0.6468589092785189
chr2	171999047	1_Active_Promoter	AACCAAGTTTGAGTAA	-	-0.5531183195593466
chr3	113567063	13_Heterochrom/lo	TGTTCGTTACCTGTAA	+	-2.18837553522594
chr4	173292474	10_Txn_Elongation	ATGGCTTCTCTCTGCA	+	-0.6367603505391971
chr5	68303416	7_Weak_Enhancer	TCCATGAGGTGCGGAA	+	-0.3194220631420959
chr5	132176408	4_Strong_Enhancer	TCTACCTGTATGTTCA	-	-1.2072180940122335
chr6	28895044	1_Active_Promoter	AGTTTCTTGGATAGCA	-	-0.06424545539068172
chr6	118809734	11_Weak_Txn	TATCGTGTTCGACAAG	+	1.3065646169949323
chr7	35837665	11_Weak_Txn	TACTGCGATTTCAATA	+	-2.622649909982538
chr7	92810550	5_Strong_Enhancer	GACTCTTTAGCTGCTT	+	-2.2870728613289435
chr7	106718318	4_Strong_Enhancer	GAACGGGTGTGTTTTA	-	-1.4842387343300105
chr7	106756118	7_Weak_Enhancer	CTTGATTATTCTTTCG	+	-0.43335758690767284
chr7	106951119	5_Strong_Enhancer	CAATTTATTGTTATCC	-	-0.46001742954069136
chr8	4485270	13_Heterochrom/lo	CCGCTCCGTATATAAT	+	-2.9451410064063475
chr11	59573751	10_Txn_Elongation	CTTAATGACGACTGCA	+	1.5228160493946052
chr11	110293465	4_Strong_Enhancer	GTCGTCGGTGATGGAA	+	-1.010817485552482
chr15	38598907	7_Weak_Enhancer	TTGTACAGATTGTCAT	+	-0.3215549542234781
chr18	38941838	13_Heterochrom/lo	GTGATAGGTAGGTAAG	-	-2.974918054222019
chr5	132023008	12_Repressed	TTAAGTTCGCTTTTAA	-	-0.7893075439890197
chr2	192542829	13_Heterochrom/lo	ATGATGGCCCAGGACC	+	-2.1035418480629806
chr3	177198118	4_Strong_Enhancer	CGTCTATCTACTTGTG	+	-0.5303228931537494
chr4	25124280	11_Weak_Txn	ATTCTCTTATGCCTAG	-	-1.9251909044398683
chr5	83516425	13_Heterochrom/lo	AGTCACTTCGGTTGAC	+	0.32257835593118167
chr5	168571417	7_Weak_Enhancer	AGCATGTACGTACACC	-	0.6628447722446646
chr6	36027245	4_Strong_Enhancer	TATCAATAGGATCTAT	-	-0.9868893857223836
chr6	107996103	11_Weak_Txn	ATAGATGTGTAGAGTT	-	0.9495808510473353
chr6	125954161	4_Strong_Enhancer	AAGTAAGAGTTTATTA	+	0.9797825887451569
chr8	2951271	11_Weak_Txn	TATTCTCTGCCAGGTA	+	0.8022480326833531
chr12	54040549	12_Repressed	CCAGGTGATCATTTTA	-	2.4213785457544486
chr16	29265178	6_Weak_Enhancer	TCTGCAGCGTTGGTAG	+	2.1808789103169315
chr16	48555388	11_Weak_Txn	CATCGATCCAGATGAA	-	-1.8083745278417565
chrX	148593587	11_Weak_Txn	ATACTAGAGCTTGATA	+	-2.6504695127134466
chr6	106849232	4_Strong_Enhancer	CGGTAAGTGGCGTGAA	+	-0.9994227563543752
chr1	35820212	11_Weak_Txn	TACCAATAAGTCCTTG	+	0.8533968057903921
chr2	69780964	7_Weak_Enhancer	CCTGGTGCTTTGGGTA	-	-0.2599687346980059
chr2	160494843	13_Heterochrom/lo	CTTGTCCGTGTTTGAC	+	-0.21722262771179873
chr4	153249598	12_Repressed	TAACCCCTGATTGAAA	+	-3.423646792524026
chr5	93653738	13_Heterochrom/lo	TGGTATGGTTAGATCA	+	-0.5351923479747193
chr6	693800	12_Repressed	TTTTATTATGACGACA	+	-0.5554005522916146
chr6	45402285	13_Heterochrom/lo	GAAGTCTGGGCATGAA	+	0.4366937543819918
chr8	79808610	13_Heterochrom/lo	AAGTTGCACTGCCCCG	-	-1.0752259374162376
chr10	74930636	12_Repressed	TCCAACTTCATTCTTC	+	0.4514067282780889
chr11	26977477	13_Heterochrom/lo	ATAGTCTCTTCCGCAT	+	-2.3420752742547686
chr13	91349145	15_Repetitive/CNV	TTGGCTTTAACTTGAT	-	-0.17708059511173274
chr19	3508002	9_Txn_Transition	TTCATGTAATGGTGTA	+	-0.1988071353586895
chr5	134174810	1_Active_Promoter	CATCTAGATAACATTC	+	-0.32456863802047997
chr7	130903301	4_Strong_Enhancer	TACCCATTTTCATTTA	-	-0.823042729272678
chr1	23421720	4_Strong_Enhancer	TCTAAAGGTCTGCGTT	-	-1.0751624361359493
chr1	150234031	1_Active_Promoter	GATATGATTCGGTTTT	-	-1.3929718070920638
chr1	195764447	13_Heterochrom/lo	ACTTGACACCATCCTA	+	-1.916000440228115
chr1	223328035	12_Repressed	TGACGTATTGTTCCCA	+	0.9971051454923733
chr2	139489760	13_Heterochrom/lo	CATATTCGCAGGATCT	+	-2.034967978312722
chr6	72558976	4_Strong_Enhancer	CGTTTTAAACGAATGC	-	-1.2646024141981447
chr6	83620562	13_Heterochrom/lo	CTTACTACGCTGCTAT	+	-0.9726394646287596
chr6	108588104	5_Strong_Enhancer	GATGAATGGGGATGAT	-	-0.6714553040019073
chr7	101871600	11_Weak_Txn	TTATCGTTGTTCTATC	+	-0.7163327081088839
chr8	129536972	9_Txn_Transition	TGACTCTCTCGCTTAA	+	0.2758120307258151
chr9	114396699	4_Strong_Enhancer	CATCGAATCAGCAACA	+	0.9069825295952195
chr11	75960708	13_Heterochrom/lo	TAGTACACATAAATCA	-	-0.9327071689378691
chr12	122975700	4_Strong_Enhancer	CAATCGTTATGTTAAC	-	0.5866447629890017
chr16	84137494	4_Strong_Enhancer	TATTCTGTTAATCACT	-	-1.0486136526218002
chr1	167626739	4_Strong_Enhancer	TCTAAGCTATAACTAT	+	0.3601688817022096
chr10	48478551	5_Strong_Enhancer	TGTTTGATTTTGAATC	+	-1.5911044610768548
chr6	163903378	12_Repressed	CTTCGGTAGTGTTGAT	-	-1.5200816119248803
chr5	112750404	11_Weak_Txn	GGATACTTTTTGGATT	+	-1.226029604670516
chr22	38182447	7_Weak_Enhancer	GATTTGCGTTTACGTG	+	0.7632697235642194
chrX	121291665	13_Heterochrom/lo	GTCATCTCTTAACCGA	-	-1.6685548721393058
chr12	95357293	13_Heterochrom/lo	TTTCATGTACCCTAAC	-	-0.9598205465092574
chr19	16276789	12_Repressed	TCCAGGTTAAGTTAAT	+	0.7319024207599779
chr22	31129014	11_Weak_Txn	AAGGGTTTGTATAACA	-	-0.7305408866135068
chr2	214261231	13_Heterochrom/lo	TCCATATTCCGTGGCT	-	-0.43621200643386804
chr10	3812208	11_Weak_Txn	ATCGCTTTGTTCTAAA	-	0.883272760748488
chr1	92188255	13_Heterochrom/lo	GTATGAATACAGGAAT	-	-2.603617815558546
chr2	11327223	11_Weak_Txn	TCTGTGTTTATAGACT	-	-3.0935202689116514
chr19	40693255	11_Weak_Txn	TCGCCTGTTTGGAATA	+	1.2295031680981066
chr1	234874230	4_Strong_Enhancer	CACTGCCAGAATAGAA	+	1.626575125146647
chr22	40560450	5_Strong_Enhancer	AAGTGGTCCATTAACA	+	-0.382786484822136
chr1	5892353	5_Strong_Enhancer	CAATTGTATGCGACCA	-	1.896200274262569
chr2	68033164	11_Weak_Txn	TAACGGCTAGCGGTGC	+	1.5360708020141403
chr1	202623049	2_Weak_Promoter	TTAGAGCAGGGATTTC	+	0.020656055396770956
chr7	102991117	4_Strong_Enhancer	TATTTTATGCCGTCCC	+	-2.1114886148699954
chr13	44352464	11_Weak_Txn	TGCACGGGTATGTTTG	+	-0.35023721791975193
chr17	82278835	6_Weak_Enhancer	GCAACCTAGTTTCGTT	-	0.8245645577614639
chr20	3842553	5_Strong_Enhancer	AGCTTTCATACCCTGC	+	2.0128179063019216
chr20	10436352	2_Weak_Promoter	AATCGTAAATTTGTAT	-	-0.07121951215527848
chr1	156336785	1_Active_Promoter	TTCTCCTTAATATGGT	+	0.32701786174903524
chr11	77709107	11_Weak_Txn	CATATGGAAACTGCCT	-	-0.9917214202808283
chr1	53450539	12_Repressed	TAATACAAGTAATGGT	-	0.80894293308788
chr8	60594687	11_Weak_Txn	GGGTCATTGTATTGTT	+	-2.0364069359010504
chr15	38601507	4_Strong_Enhancer	GTGTAAACGTGTCGCA	+	1.7774129748332497
chrX	43676608	13_Heterochrom/lo	AGTTACAATCATAAAG	+	-0.2740120185289554
chr4	99595420	13_Heterochrom/lo	TTAAGATGAGTTCATA	-	-1.6497248861452496
chr13	52117263	5_Strong_Enhancer	TTACGCACTTAACCTA	+	-0.9581089367125404
chr8	3183671	2_Weak_Promoter	AATTAGGAGCTGTGCA	-	-0.8479237682120969
chr20	49815256	10_Txn_Elongation	TTTATGAGCAACATCA	-	-1.4625325485290597
chr6	137904170	4_Strong_Enhancer	TAAATGTACTAGAGTC	+	-0.5338558600489431
chr1	166572739	7_Weak_Enhancer	GGTTCGGCGTTGTTGT	-	0.8057858791897983
chr7	85250348	13_Heterochrom/lo	GTAGGTTAGTATTCCA	+	-1.914550733726482
chr21	14564008	7_Weak_Enhancer	TTCAGATCGCACTCTA	+	-0.46585175948129537
chr1	114619256	12_Repressed	TGGATAGTTTGGATGA	-	-2.5012995907426094
chr3	6492913	2_Weak_Promoter	TTTTCAGCGGTGTTAG	+	-2.351350178283947
chr11	22793078	7_Weak_Enhancer	TCAAACACGCTCCATG	+	-0.27425125972305153
chr12	65513353	13_Heterochrom/lo	TTGGATGCTTTAGGTC	-	-2.01897850553967
chrX	24989362	13_Heterochrom/lo	AGATTCTTCTTGTGTA	-	-2.1093788473974504
chr11	98317062	11_Weak_Txn	CCATAGCATTTTCCGT	-	-2.049038857719979
chr2	127162154	12_Repressed	TGGTTTTGATATATCA	-	-1.3338133946208637
chr1	52531940	5_Strong_Enhancer	TGCAAGCATACCAGCA	-	0.09941307559900858
chr6	108587704	2_Weak_Promoter	GAATGCAGGTTCTTAT	+	0.7473297407027147
chr11	44280474	11_Weak_Txn	AGTTACCCCATGAGTA	-	-0.4260703908088055
chr11	59980151	7_Weak_Enhancer	TTCCTGCCTTTTTCGT	-	0.27709328633238517
chr2	24824827	9_Txn_Transition	TTATATGACCCTTCAA	-	-0.4988213093037811
chr12	116350012	11_Weak_Txn	TCGTTTTTCTGGATAA	+	0.4577066061014848
chr6	26285193	1_Active_Promoter	CTATTCCGTTCCCTTC	-	-5.639157699649007
chr7	23471456	1_Active_Promoter	CTTGCATTATATCTCT	+	0.06716417903354792
chr1	228191476	8_Insulator	ATGTCGATATTTAAGA	-	-0.6654342251993067
chr14	23008351	1_Active_Promoter	ATGGTGTCATTACACA	-	0.41834190650926745
chr18	30820036	13_Heterochrom/lo	TGAATCCGCCTTTTGC	+	0.8678692991482448
chr10	75246036	13_Heterochrom/lo	TTTCTTTACGATTTGT	+	-3.586483185101161
chr5	139029012	13_Heterochrom/lo	TGTTTATTGTTGTCAA	+	-2.25546282199267
chr1	234495431	4_Strong_Enhancer	TCGTAACTTTCGTACA	+	0.14654601957790084
chr11	47249873	11_Weak_Txn	ACTTGACCAAGATTTT	-	0.6003240832949969
chr8	61168487	13_Heterochrom/lo	TCTCCTTCTTCCAGCC	-	-0.6363258606830822
chr4	16191879	11_Weak_Txn	GTGGCATCACAATGTG	+	-2.887898538318932
chr14	39184045	11_Weak_Txn	GTCCACTCTTAACTCA	+	-1.6516237795345468
chr4	77077223	5_Strong_Enhancer	GTAAAGCTAGAGGCTT	-	0.7526045950381104
chr17	58081440	4_Strong_Enhancer	TTTTACAATAGTAAAA	-	1.1436434860148585
chr6	125103755	5_Strong_Enhancer	TTGAACATGGTTACTA	-	-0.9850437158283696
chr2	117156554	13_Heterochrom/lo	AGAGTGTGTCCGTTTC	-	-1.8443659620083805
chr1	12284956	10_Txn_Elongation	TTTCTTCACCACAGAA	+	1.6779846265620313
chr4	38083384	12_Repressed	ACAGGTATGATTCGCA	-	0.0965163943808669
chr1	180789841	11_Weak_Txn	GTTCGACGGTCCTGTT	-	-2.546514947740046
chr16	69564196	1_Active_Promoter	GTTTGTTAAGCACTTC	+	-0.8065094320006623
chr3	170154518	4_Strong_Enhancer	TTAGGCAGGCGGCTGC	-	-1.6163986000728054
chr1	151086500	13_Heterochrom/lo	TAATTTTCTTCATACA	-	-2.3977747930508806
chr2	12014823	13_Heterochrom/lo	CACAGAAACTTTTATT	+	-1.6972197626894359
chr8	28893964	2_Weak_Promoter	AACTAAGATTAGGCGT	-	-0.48985460500244477
chr9	73040064	13_Heterochrom/lo	TGCCCCCAATGAGGCA	+	0.4109312383372992
chr10	57870834	13_Heterochrom/lo	AGTTTTACCGTTATTA	+	-0.8118282481956387
chr11	73779707	4_Strong_Enhancer	TATTACCCGCAACGTC	+	-1.833659176250145
chr12	126304901	13_Heterochrom/lo	ATAATATGAGGGACTC	-	-3.371363393795981
chr13	89992345	11_Weak_Txn	TATTGTTCGGTTGTAT	+	-3.287913567218094
chr16	10746042	10_Txn_Elongation	TATTTATTATTTTATT	+	-0.21486535963191764
chr17	81917432	1_Active_Promoter	TCTTTAATTATTTTCT	-	-0.33912478217175035
chr1	196512447	11_Weak_Txn	TAATATGTTTAGTTAA	-	0.10711919452220564
chr2	94930328	13_Heterochrom/lo	TTTAGGGTTGTCGATA	+	0.8212244700073325
chr6	33277045	1_Active_Promoter	TTGAGTTGTGTAAATA	-	-0.2504329058673919
chr6	34238445	4_Strong_Enhancer	AGGAATGAGTAGTTTG	+	-0.1673207511647807
chr2	135606360	11_Weak_Txn	CCGTCTTCAGTTACGT	-	0.9901938074136536
chr12	64218953	1_Active_Promoter	TACTTTAGGGCTTTCA	-	0.8627408252904372
chr3	14404288	4_Strong_Enhancer	TATATTTTCGGTTCAC	+	1.1802461044181378
chr10	87750863	11_Weak_Txn	GTGTGCCGTTTTATAG	-	-0.5640588656240387
chr17	47896835	4_Strong_Enhancer	TACTTTAATAAGTTTG	+	-1.6061839579360901
chr3	65673685	11_Weak_Txn	CTAGGCGTTGTCTCTG	+	0.6893863310672355
chr1	193195447	11_Weak_Txn	AGGAGCATGGGTTCGC	+	-1.1862084292617097
chr6	33705045	11_Weak_Txn	TTGGTATTTTACATCA	+	-0.7117305240257895
chr7	107933919	10_Txn_Elongation	TTCCTCACATGAAGTT	+	0.6807672409631775
chr9	91338897	10_Txn_Elongation	TCCAAGTATCTTATTG	-	0.0989836449422914
chr22	39502049	1_Active_Promoter	CTTGCTTGATATTTTT	-	0.8247972474178217
chr2	105746511	9_Txn_Transition	AGTGAGTCAATGTTCT	+	-1.1105225457559391
chr18	68790783	13_Heterochrom/lo	TGTCGCGCCGCTATGC	+	-0.04770477219532328
chr2	191023629	1_Active_Promoter	GTGGTAATACGTGCAA	-	-0.636889721593184
chr15	84949765	4_Strong_Enhancer	ATAGAAGTTACTTCGC	+	-0.7028807460148286
chr8	127806572	9_Txn_Transition	TGTCCATGCATGTAGG	+	1.2612903661998018
chr12	68748753	10_Txn_Elongation	TTACTTTAAATTGGTA	-	-2.503174284374948
chr3	20892704	1_Active_Promoter	CCACAGCTATCTTCCA	-	0.8934968353386437
chr3	190878317	13_Heterochrom/lo	TAGCGTGATTCTAGCT	-	0.6444494174141475
chr12	21170399	13_Heterochrom/lo	AGGTCTGGGTTCTATC	+	-0.9651351671837656
chr12	98578691	4_Strong_Enhancer	GCACCATAAGGCGTTA	-	-0.25476061393755584
chr18	55721771	13_Heterochrom/lo	CGCTTGTGCCTGATGA	+	-1.7657472344876157
chr2	215793832	5_Strong_Enhancer	GCTATCTAGGTCTTAC	-	1.1420660201783819
chr3	29112105	13_Heterochrom/lo	GGGGTGCATCCAAAAA	+	-2.95910440303528
chr3	177334118	7_Weak_Enhancer	CAAAGATTTCGATGTA	-	1.174371325388793
chr4	139018196	9_Txn_Transition	CATTTCCTTGTTTAAA	+	-3.2177542034577957
chr18	46153436	2_Weak_Promoter	CAGAACCTCTATGAAA	-	0.6753454060087346
chr18	47913431	7_Weak_Enhancer	ATTTTGGCCTATGCGA	-	-1.3474512269956278
chr6	122947756	13_Heterochrom/lo	TCAATAAGTCGGGTTG	-	0.4419842331510789
chr8	102352196	10_Txn_Elongation	TATGAAGATTATGCTC	-	-1.6648483324553773
chr4	41913826	11_Weak_Txn	GTGTCGTATATTAGTC	+	-0.8805252491543268
chr22	39939450	7_Weak_Enhancer	ATAATGATATGGAGAC	+	0.9199429010923148
chr6	34352445	9_Txn_Transition	TGATTCCTGATTTTCA	-	-0.2569652378279856
chr3	196667732	11_Weak_Txn	CTCTTACACTCTATCA	+	-1.4505885011119595
chr17	42268056	4_Strong_Enhancer	GGTGAGGTATTGTCTT	-	0.5116764737979081
chr4	10170078	4_Strong_Enhancer	AAGGTGTTAATTCTCA	-	-0.31702989643813567
chr2	239144367	13_Heterochrom/lo	GGTGGTTTATCGCGCA	+	-0.4235559159497904
chr1	181087441	4_Strong_Enhancer	ACACTCGGTACATGCA	-	-2.3500744315535878
chr6	159194580	12_Repressed	TGAAGTCAGTTAGCAA	+	-2.6579203135558886
chr7	116423510	7_Weak_Enhancer	CGGCTTTTTCACGTAA	+	-0.2927206332560809
chr13	23466861	8_Insulator	TGATAGGTTTTGAAGA	-	1.3879526933019495
chr9	99130697	10_Txn_Elongation	AAACACCCGATTACCA	-	1.5897284776265908
chr6	143823970	11_Weak_Txn	TGTTATTTATTTTTAA	-	-0.5037731268044933
chr15	67245408	10_Txn_Elongation	GACAGTCTCGTAGTTT	+	-0.5837482545718067
chr2	17756052	1_Active_Promoter	TAATCTGATACTCATT	-	1.9795931157764395
chr5	171434791	11_Weak_Txn	GGTATTTGGCACCACA	-	2.1035097385636456
chr7	5106443	12_Repressed	ATGGGTTGCTGTTTCA	+	0.8419374186202321
chr7	96055352	13_Heterochrom/lo	TTGGAATATGTCAGCA	+	0.9507039679382077
chr11	119580679	13_Heterochrom/lo	CTCTTACAATATGGTA	-	1.3699778161875502
chr1	207625232	4_Strong_Enhancer	CATTAATTTTTTAATA	+	-0.3634239414176283
chr2	16325251	12_Repressed	GACAGTTAATTCTCAT	-	1.095546072262035
chr3	48047506	9_Txn_Transition	AATGCGGATGTTAGTT	-	-1.6587899359063971
chr9	120876301	1_Active_Promoter	TAGTAAGTTAGTTTCC	+	1.4903122781638065
chr6	99513603	1_Active_Promoter	GCGACGGTTCAGGATT	+	-2.2010137856039464
chr7	120811910	12_Repressed	TACTGCCCTTTTGCAT	-	-0.40693206297568507
chr10	50323434	4_Strong_Enhancer	GGAGGATGAATGTACC	+	1.183127667068774
chr11	16300878	7_Weak_Enhancer	GTATCGTTAAAAGCTT	+	-0.9866869332531437
chr6	97162403	11_Weak_Txn	ATATATTCTTTCACAG	+	-2.6216351773672972
chr17	60387657	1_Active_Promoter	TTATGTTACTGATTTT	-	0.37151769099338455
chr2	16900852	13_Heterochrom/lo	TGTATTCATTTGCTGT	+	-0.5114195311433338
chr1	227071276	10_Txn_Elongation	CTAAACTAACATTTTA	-	-0.07790403769192378
chr11	3920194	5_Strong_Enhancer	TCGTTTCAGTTACTTA	-	0.4757016616199804
chr1	193118247	1_Active_Promoter	TTCTGTGTACATCATC	+	-1.6370355533783894
chr1	183462642	11_Weak_Txn	TGCTCGTTTACCGGTT	-	-0.032468577510239585
chr1	211806635	11_Weak_Txn	TGTGATCTTACGCACA	+	-0.5056810005938882
chr2	138716560	13_Heterochrom/lo	CATCCGTTCATTGCCA	-	-1.6806472332648694
chr4	78803822	10_Txn_Elongation	ACACTCCAGCAATTAG	+	-1.0572420625646106
chr6	126622561	13_Heterochrom/lo	TTGACTGTGTGGTTTT	+	-0.30918245004797706
chr7	12588850	4_Strong_Enhancer	AAAAGTGTTGTCCTTC	+	-0.5058096785405402
chr8	105921596	13_Heterochrom/lo	AGGTTTGCATTGCGAC	-	-1.9109437665516178
chr9	130805592	15_Repetitive/CNV	AGCACGCTTTTTAATA	+	-0.10846375356386881
chr12	24695999	1_Active_Promoter	ACGAATCTTGTGTTTT	+	0.382015842172907
chr13	42616464	13_Heterochrom/lo	GGTAGCCCTTTTGAAA	+	-1.705221482402343
chr14	64990729	11_Weak_Txn	ACATCCTAAAAAGCAT	-	-0.3793271229757288
chr17	75037510	5_Strong_Enhancer	CTTTTTTGTTGCCCAT	-	0.20869638360880619
chr19	48258731	1_Active_Promoter	TTTTGGGCGCTGGATC	-	-1.3475676111826491
chr9	92092297	11_Weak_Txn	CTAACCAACCGCTTCT	+	0.2801604926577508
chr21	42327621	13_Heterochrom/lo	CTTTTAGATTTTTCTT	-	-2.072858504746157
chr8	96812796	7_Weak_Enhancer	CAGAATTTTAGATAGC	+	-0.34318048586723204
chr6	21166990	13_Heterochrom/lo	CGTACCTGGTCTAGAA	+	-1.1669221888945664
chr20	4073553	4_Strong_Enhancer	TTCCTGCACCTTTGTC	+	-1.0527423900947774
chr14	36747444	8_Insulator	AAGTTGTGGGTGACTA	-	0.8309603867039963
chr17	71663864	13_Heterochrom/lo	CCTAGTCCCATGTTTA	-	-0.18388702709851443
chr6	70398576	4_Strong_Enhancer	GAGTATGCATTTCTCT	-	0.21606649897339264
chr3	105884063	13_Heterochrom/lo	TTAGTTACTGTCCATT	+	-1.8060945493548481
chr17	29146256	4_Strong_Enhancer	AGTAAGTGGATCGTCA	-	1.019955603062386
chr7	106983519	7_Weak_Enhancer	AGCGGGCGGTTGTACA	+	-0.11495334901117898
chr10	71879036	2_Weak_Promoter	TAGTTATAATTATGCA	-	-0.9467180351241525
chr10	49297749	4_Strong_Enhancer	TCCGTACATACATCTT	+	0.5987713853063421
chr2	3151422	13_Heterochrom/lo	TGTGAGTGGCACATAG	-	-0.6173202763788911
chr4	186512652	12_Repressed	GCCTAATTTGCCTTCA	+	0.8813569456118727
chr3	5021315	4_Strong_Enhancer	TACACTGCGAACTTAA	-	2.1568860608276728
chr11	117906875	6_Weak_Enhancer	GTCTTTTACCGTGTAT	+	0.645636166663569
chr15	29806705	11_Weak_Txn	TCCATTTTATTAGTTG	+	0.16855390833014763
chr15	50246511	7_Weak_Enhancer	GTCACAGTACTTCTAA	+	-0.7798013958149299
chr3	150408323	1_Active_Promoter	TCCAAATGTCTTCTAA	+	-1.9331887101206446
chr7	99833041	4_Strong_Enhancer	ATAGGCCTGTGGTCTT	+	0.035818256008851294
chr6	51024728	4_Strong_Enhancer	TACGTTTACCGTAATA	+	-0.48214223570114423
chr10	21292665	6_Weak_Enhancer	TAAAGGCATAAATTTT	-	0.819994265185237
chr11	77404907	13_Heterochrom/lo	CCTGTCGTCGTTCGCA	-	0.5947449295951197
chr15	66632208	9_Txn_Transition	ATTTGCAAATATCGAT	-	1.0017061047385785
chr10	66215436	13_Heterochrom/lo	TATTGTGCTTTGTATC	-	-1.1969019416756261
chr1	232806631	13_Heterochrom/lo	ACGTGTAGTCCGATTT	+	0.5455043446420765
chr2	227333840	11_Weak_Txn	GATTTGACTTCAAATT	+	-2.5596519845535726
chr6	14639790	7_Weak_Enhancer	TGGTGATGTCTTTTAG	-	-0.5752081368509441
chr6	167849871	4_Strong_Enhancer	CCTCGCTATATTTCGT	-	0.11930142760849681
chr5	54318413	4_Strong_Enhancer	GCCTTATTTGTGCTTT	-	0.8863378579501964
chr14	54650732	11_Weak_Txn	GAACCTCGTCCTTCTA	-	-0.10264432651823616
chrX	37927203	13_Heterochrom/lo	GTTGTTTCTCCATTGA	-	1.2522088844570536
chr15	87573765	11_Weak_Txn	ACCATGGAACATTTCA	+	0.12435508693157121
chr9	95470097	11_Weak_Txn	TTCCGTCACGATATTC	-	-1.7954217192483255
chr7	22352056	7_Weak_Enhancer	CTTTGATTGCTTGAGA	+	1.3850600977090766
chr10	17607195	8_Insulator	ATTACAGGATCCTTTT	-	-0.9743221910064648
chr6	88304362	13_Heterochrom/lo	TTGCATTCATCATTCA	-	1.1584173441560923
chr12	120560414	10_Txn_Elongation	TAGTTTTTTTCTGTTA	-	-1.8536786941422048
chr6	68039387	1_Active_Promoter	CTTCCATGTCCTTATT	+	1.4852725229902428
chr8	99929996	13_Heterochrom/lo	TTAACAGGAACGCTAA	-	1.394308794627476
chr6	146911971	7_Weak_Enhancer	CGATAGTTTTGTTTCA	-	1.396876038360628
chr13	44388464	4_Strong_Enhancer	ATATTTTCGCCCCGCA	-	0.27820723482566323
chr14	55277329	11_Weak_Txn	TTTATACGATTTCCGC	+	-0.04618067643560988
chr9	98118897	1_Active_Promoter	AAGGTCACCAAAAGTA	+	0.6259746534832703
chr6	137376370	1_Active_Promoter	GAATCATCTATAACGG	+	1.4334491666307903
chr12	45574950	13_Heterochrom/lo	TGCCATTCTTATAGTC	-	-0.9941288001885397
chr6	42031884	5_Strong_Enhancer	ATTACGGACCTTGGGT	-	-0.6288073499924604
chr8	60934487	12_Repressed	TCATTCGCTCTATTCA	-	0.12014927205072287
chr1	24403323	11_Weak_Txn	TCTTAAGCTAGATAGA	-	-0.7830702848873339
chr20	47601049	4_Strong_Enhancer	AACACTTAAATTGAGT	+	0.8341899180088325
chr22	37879847	11_Weak_Txn	CTCGTGTTCTAAGACC	+	-1.8081884387409777
chr4	140372796	1_Active_Promoter	GCCTAAAGTGGACATA	-	-2.0869980298923747
chr5	105600600	13_Heterochrom/lo	ATGGGTGAATCACAAA	+	-3.1383720925097416
chrX	125759137	13_Heterochrom/lo	ATTGCTTAGCGTATTA	-	0.5803631738194096
chr9	96385297	10_Txn_Elongation	AGGTTGTCGACTAGAA	-	-0.2034199941685356
chr5	72159017	7_Weak_Enhancer	TTTGTGTGATTAGCAG	-	-0.611888701951406
chr11	110094264	6_Weak_Enhancer	TGACGGGTTAACAGTT	+	-1.4658220034412464
chr6	34235645	4_Strong_Enhancer	TGCGACTAGAAGTTTA	-	0.5878800675311836
chr2	126483353	13_Heterochrom/lo	TTTTTTCCGTGGATGA	-	-1.155876523364316
chr3	165955318	13_Heterochrom/lo	TGCCAGAACTAGAAAA	-	-0.4370769318644615
chr17	13546358	11_Weak_Txn	TCCATGGTAGTGGCTC	+	-1.6242486463379007
chr2	197950431	11_Weak_Txn	TATCAGAATGGTGGTA	+	-0.8877834126146692
chr1	241592475	7_Weak_Enhancer	ATGTGGCTTTTATTTT	+	-0.666457386214599
chr5	139495831	5_Strong_Enhancer	TGAGTCTATGGAACAT	-	-0.0010609645951101694
chr12	6371573	7_Weak_Enhancer	TCTGGTAGAATATCGC	+	0.9877070432775344
chr9	73981864	13_Heterochrom/lo	CACCGGATCGTGTTGT	-	-0.06242655558067986
chr7	132798299	9_Txn_Transition	AGTAAGGATTCACACA	-	-2.37428652181107
chr11	33925077	7_Weak_Enhancer	ACTGGGTGTCACCTAA	-	-1.085009210952842
chr21	14296608	6_Weak_Enhancer	GCAATGATCTCTTACG	-	-1.0461807967506604
chr7	100178041	11_Weak_Txn	TTGTTTTACAGACATG	+	0.36064849229068185
chr20	47608849	4_Strong_Enhancer	AAAGTTATGGCACAAT	-	1.4666839249000674
chr2	43878557	11_Weak_Txn	AAATCAGTTGTAAGAG	+	1.3131268443339545
chr4	127577395	12_Repressed	ATCTGGATATGGGTCA	-	-0.2876372305125628
chr3	24370905	7_Weak_Enhancer	TATAACCTACCTTTAT	+	-0.042336837916986024
chr12	33876998	13_Heterochrom/lo	AAGGATAATAGGGTTA	+	-0.932659963297041
chr4	98298826	13_Heterochrom/lo	GAGACTATTGGCAGTC	-	0.7160675165778683
chr1	165840739	7_Weak_Enhancer	TTTATAGGTTCCTTAA	+	0.13720644164624524
chr8	105569796	9_Txn_Transition	TTATTTCAGAAATTAC	+	-0.5040680687834779
chr6	56514043	11_Weak_Txn	AATGTTTCGATCAGCA	-	-0.8641365651005732
chr11	90226784	13_Heterochrom/lo	CGTTAGACATATTCTT	+	-0.7201191011524171
chr5	64990217	13_Heterochrom/lo	GTTCAGTTTCCTAGTT	+	-0.3538415090890789
chr14	56214929	7_Weak_Enhancer	TTCAAATATATCTCCA	-	-0.5502021097024528
chr6	14776390	4_Strong_Enhancer	CGGTTACGTATATCAA	-	-2.200183757025958
chr14	95334510	13_Heterochrom/lo	ATCAGGCATAATGGCA	+	0.862125108178505
chr1	58699140	1_Active_Promoter	GGGACCCCGTTTATAT	+	0.5683446871978668
chr1	95139456	11_Weak_Txn	GGGCTCTCACTACTTC	-	-0.8851883959923482
chr1	112971255	10_Txn_Elongation	CTGGTGTCTAGGTATA	-	-0.5551628702139151
chr1	117156055	13_Heterochrom/lo	AGCCGGAAAGTATAAT	+	-0.8766917666568163
chr1	167253739	11_Weak_Txn	AATTTCTTCATTCTCA	+	-1.0245654344912776
chr1	184743043	5_Strong_Enhancer	AACTGGTATAAGTTTA	+	0.12115743541063613
chr1	207672632	9_Txn_Transition	CTTATATTTATTTGAA	-	0.22838455833560445
chr1	219864435	13_Heterochrom/lo	TAGGTGCGTCCTCGTA	+	-1.521311577048338
chr1	227434076	5_Strong_Enhancer	TAGTTATTCTGATGTT	+	-0.8658443734050334
chr1	234611231	4_Strong_Enhancer	AGTATTGCATGCCTTG	+	2.00568043474387
chr2	13007624	13_Heterochrom/lo	CTTTCCACTTCAAATT	-	-1.3794700671622564
chr2	28749630	4_Strong_Enhancer	TGGGCTGTATAACGAT	+	0.439843607612593
chr2	37566753	7_Weak_Enhancer	TGTCCTTGCTGCATAA	+	-1.7975587828960609
chr2	78522566	11_Weak_Txn	CTTTATTGAATTGGTT	-	0.005833545178737742
chr2	186663428	10_Txn_Elongation	GATACGCGGCGTCCAA	-	-1.2425752324316472
chr2	217147632	5_Strong_Enhancer	ACCTTTTTCGAGTTAC	-	0.18856145466638521
chr2	230160040	8_Insulator	CACAAACGCGTTAGGC	-	-1.361023299398692
chr3	5017915	4_Strong_Enhancer	AAACGATTGCTATTCC	+	1.4788448915468277
chr3	32189504	12_Repressed	GAGCGCCGCTCTGATA	+	-1.1045817931482012
chr3	42190904	9_Txn_Transition	ATGGGTAAAAACGTCA	-	-1.7447002784420431
chr3	116039263	4_Strong_Enhancer	TATGAGCTCGCCCAGG	-	-1.4421867909684947
chr3	170811717	5_Strong_Enhancer	GGACTGAAAAAGTAAT	+	-0.5925748936951635
chr3	182978318	4_Strong_Enhancer	GATTGTAGTTCTACAA	+	1.280993663848766
chr3	186784717	4_Strong_Enhancer	ATATTTCTTTGAGGAT	-	-1.6150596412904143
chr4	23093079	13_Heterochrom/lo	ACCCAGCAAACTAAAT	+	-0.3486793695646853
chr4	47462226	7_Weak_Enhancer	ATTATCTTGTGCCTGC	-	-1.7390179085041197
chr4	48210826	5_Strong_Enhancer	AAATCATCTTCTACTT	-	-0.9271488265123572
chr4	79234222	11_Weak_Txn	AGGTTAGCATTTTTCA	+	0.45090950482488595
chr4	96415226	13_Heterochrom/lo	GTTTCAGTGTTGTACT	-	-0.5285905596203686
chr4	128602395	5_Strong_Enhancer	GCCTCTTTTCTTGTTT	+	1.0677011136927714
chr4	140243596	13_Heterochrom/lo	GCCTACTTTATGTAAA	-	0.9947882908555401
chr5	39423941	1_Active_Promoter	AGAGAAATTGAAGTTT	+	1.8937596491728756
chr5	54318613	5_Strong_Enhancer	TGTACGCATACCTACA	-	0.5894348493081444
chr5	81736225	11_Weak_Txn	TTTACTATCAAGATCA	-	-2.3091168385110072
chr5	118766406	13_Heterochrom/lo	TTTTAAACTTTGTTTA	-	0.6592987407169182
chr5	131199608	10_Txn_Elongation	TGTCACTTTTTTTTCA	+	0.018497571217972335
chr5	146566444	13_Heterochrom/lo	CCTGTGCTCTCTTCAA	-	-2.870204440632503
chr5	169743618	7_Weak_Enhancer	GTATCCCTGCGTTATA	+	-1.6640700146954395
chr6	2046367	13_Heterochrom/lo	TACTGTCAGCTTAGCA	+	-1.8954833737661672
chr6	2685567	12_Repressed	TAATTCCTCATCGTCA	+	1.4012554166501259
chr6	7369568	12_Repressed	TTGAATGCGATATTGT	-	-0.5865156274613741
chr6	16189390	11_Weak_Txn	GCTTCCTCCCATTTTA	+	-0.5808419754422148
chr6	26215793	1_Active_Promoter	GATCTTGTAATTTACC	-	1.2590542973296934
chr6	26439993	1_Active_Promoter	AATCTATGCTAGGTTA	-	0.3328531219028759
chr6	28332844	4_Strong_Enhancer	TTCGTCATCAAACATC	-	0.4517765435342471
chr6	28347044	2_Weak_Promoter	TCGAACTCACATATTT	-	-1.6426829000070156
chr6	34423445	4_Strong_Enhancer	GCCGTATGTCTGGTGT	+	-0.0776734186522985
chr6	37189446	5_Strong_Enhancer	TTTACATTCCAACACC	-	1.6624004012738955
chr6	43625485	4_Strong_Enhancer	CTCAAAATATGTATCT	-	-0.2539230393027661
chr6	52486243	11_Weak_Txn	GATTGTAGTGCCCCGA	-	0.3170272464722881
chr6	53325243	5_Strong_Enhancer	ATCATTTCCGGACATA	+	-1.4085666631972573
chr6	106097032	4_Strong_Enhancer	CATGTGTTACTGAAAA	-	-0.054348091569152
chr6	144028570	13_Heterochrom/lo	CCTTTGTGAGTCTAAG	-	-1.3435561218297334
chr6	157821780	4_Strong_Enhancer	TTATACATCATCCATT	-	-1.4192714105163708
chr6	163420978	9_Txn_Transition	GTACGACGATATTTCT	+	-1.433685559381284
chr7	25082456	13_Heterochrom/lo	TTGGTCGGGGGGTCAC	-	-1.682658141805173
chr7	91645549	13_Heterochrom/lo	TAATTATTGGTTATTA	-	-1.9120790274003332
chr7	93026350	7_Weak_Enhancer	TTGTTTGTAATCCCTA	+	-1.341449267961413
chr7	104680517	12_Repressed	TATGTACCAAATTCGA	-	-0.7437170247837023
chr7	111441708	10_Txn_Elongation	ATTCACATGGTTATAG	-	-1.7067009948902643
chr7	158751748	9_Txn_Transition	CGAGGCCCATTACGAA	+	-2.366166813161
chr8	55843287	4_Strong_Enhancer	CCTCCTTCAGTTCCCA	-	0.5090969183992274
chr8	55937687	4_Strong_Enhancer	GTGATCACGTGGTTAG	-	-1.0496635864276915
chr8	68156811	13_Heterochrom/lo	TCTTAGTAATTGCCGA	+	-1.4278053852781427
chr8	73455211	7_Weak_Enhancer	ATCGCAACTTCCAGGT	-	-0.6718545947597319
chr8	105821796	8_Insulator	GGTTGGTATGACTCAA	-	-0.2033971656584469
chr8	111425795	13_Heterochrom/lo	CACTGGTGGCTACTTG	+	-2.6396253402729917
chr9	69307664	13_Heterochrom/lo	GAATTATCAGATAAAC	+	-0.5010327074456375
chr9	91879097	5_Strong_Enhancer	AGTTGCTGTGTACTTT	+	-2.7094928590305694
chr9	95616897	12_Repressed	GCGTTTTATTTAGGAG	+	-0.6128459000208915
chr9	97487497	13_Heterochrom/lo	ATAGTCTGATTTTCTA	-	-1.6816902555033464
chr9	98523897	13_Heterochrom/lo	ACTTTCCTGTTACGCA	+	1.6967865989794197
chr10	72801036	7_Weak_Enhancer	CTGATATGTTCGTTGA	-	-1.0212151999945247
chr10	117004099	1_Active_Promoter	CTGCTTCGTTTTCAAA	+	-0.04042233356783686
chr11	44332474	5_Strong_Enhancer	TAGATTTAAGAATGTC	-	0.5682493648955323
chr11	49864672	13_Heterochrom/lo	GCTAACCGTAGCGTAC	-	-3.401834245426675
chr11	114961070	13_Heterochrom/lo	GGTCTAGGTCATCTAC	-	-2.1644055547091083
chr11	129727295	12_Repressed	TTCACTTCTGCCTTCA	-	1.0383883641234988
chr12	108622695	11_Weak_Txn	GGAATAACCTTAGAGC	+	0.5802067168202872
chr12	108671495	7_Weak_Enhancer	CGATATTTATGGGGTA	-	-1.487893670537149
chr13	20723661	13_Heterochrom/lo	CATTGTTATTTTGACA	+	-1.6451460859531997
chr14	22336131	7_Weak_Enhancer	ATAGTTCTTCATTGTT	+	-0.28736363221901284
chr15	77063803	7_Weak_Enhancer	TGACATAAATATAGAG	+	0.9250659339522718
chr15	78421003	11_Weak_Txn	TGAGCTCTTCCACCTA	+	2.004577208500547
chr15	94327767	13_Heterochrom/lo	CATGACTTTAAGAAAT	+	0.05297159940748916
chr16	8111797	1_Active_Promoter	AGAATCCTTACATTTA	+	-1.8980113082277554
chr16	24011178	10_Txn_Elongation	TAACGACAAGGGATCA	+	-0.35428100827588865
chr16	88842091	11_Weak_Txn	ACTCTCTAGTGTACGT	-	-0.06987312012209425
chr17	75978524	1_Active_Promoter	GACTTTCATCTATGTA	+	1.1364425816703339
chr17	82417635	2_Weak_Promoter	GGGCTTTCGTACATCT	+	1.6169057100468978
chr18	2324601	4_Strong_Enhancer	ATACTACAAATCTGAA	+	-1.8233131069020674
chr18	7113801	13_Heterochrom/lo	GTATTTCCCATTATAG	+	-2.2154465816078606
chr18	8640002	11_Weak_Txn	TTATTCGATCTTACTC	+	-1.1352965125108798
chr20	15801355	13_Heterochrom/lo	CCTGAAGCACTATTAT	+	-0.768966716304259
chr20	44657345	13_Heterochrom/lo	AAATTCAAGAATGGAC	-	0.20678160530925294
chr20	51622054	7_Weak_Enhancer	TTAAGTCCTCATCTAT	-	1.0235800890566153
chr20	53763854	4_Strong_Enhancer	TGTTTTACTTCTTTTA	+	-0.6375317637867709
chr21	21201210	4_Strong_Enhancer	ACAGTAGTAATTTTTT	+	2.4238565170800634
chr21	29648609	4_Strong_Enhancer	TTTCTTTCATCTCTTT	-	0.562224238248309
chr22	19367077	9_Txn_Transition	GTACGCCTTCATTTAC	-	0.12791586581205658
chr22	29075212	7_Weak_Enhancer	ATGCGCTGACCATCAT	+	0.3888130116569612
chrX	9414560	13_Heterochrom/lo	TAGTCACCTTTCTTTT	-	-5.24017909632321
chrX	24164762	11_Weak_Txn	TCCCCAAACTTTATGA	-	-1.559760874256707
chrX	125350870	13_Heterochrom/lo	GTATCCTCCCCTACGC	-	-2.8785968803270015
chrX	136200775	13_Heterochrom/lo	TAATTCTATTTGATCA	-	-0.9409586518821748
chr6	11185781	12_Repressed	TCAAATAGCATGGGAC	-	-1.0531333608609932
chr2	8915619	10_Txn_Elongation	AATTTAGGTGAGAAGG	-	-3.7762569556484076
chr2	80322964	12_Repressed	ACATCCTTCTGTCTCA	-	0.7876598388377518
chr6	34655845	4_Strong_Enhancer	TAGTATCAAATAAATT	-	-0.9260228080648896
chr8	6696871	7_Weak_Enhancer	GTGTGGATGCCACCCA	+	-1.4707285003971227
chr3	24424505	11_Weak_Txn	TGAATGCCGTGCATTA	+	-1.1750097077493276
chr3	136282068	10_Txn_Elongation	TTTATGTTACGGGGGA	+	-0.14063159173678497
chr7	32505863	4_Strong_Enhancer	CGAACTGGTGCTTGAA	+	1.1109474485318125
chr8	55727487	11_Weak_Txn	TTTGGGCAATCTTCAC	-	-2.5273290577935006
chr10	3828208	4_Strong_Enhancer	AGGCGTTTTGGGATCA	-	0.4145894749907841
chr12	28156000	5_Strong_Enhancer	TGTTGGTTTGTGGCTC	-	0.7868244931828156
chr11	12845277	4_Strong_Enhancer	ACGCAAGTACGACACA	-	-0.2651872702670406
chr2	72326563	13_Heterochrom/lo	TTTTCTGTTACACTGC	+	1.6310564748128134
chr5	90657827	4_Strong_Enhancer	AAGATTGATCAATATA	-	0.565188623105979
chr8	108245995	1_Active_Promoter	ATGGTTATGTATCACA	-	-2.17977464424923
chr5	164224816	13_Heterochrom/lo	ATTACATCCAAGCACA	+	-2.957663923246756
chr12	100651491	13_Heterochrom/lo	CTCTGCCGTCAAGATA	-	0.1448667882239613
chr4	40150585	11_Weak_Txn	TTTTATGCGCTCTATT	-	0.3121713306739778
chr5	143223442	7_Weak_Enhancer	TTTCTCGAGATGATTG	+	-0.6036559311414342
chr11	45991273	7_Weak_Enhancer	GCTAAGTTCCTCTCTC	+	0.24179563291849313
chr16	19840777	7_Weak_Enhancer	TCTCCGGTCTGGTTCA	+	0.27678072896866474
chr2	138500960	1_Active_Promoter	GGTATTCCACGGGCCT	+	-0.4652540090773738
chr7	86733948	13_Heterochrom/lo	ATTACGTTTTCGTCCA	+	-1.0444440156403034
chr9	37464403	1_Active_Promoter	GATGCAGAGAATCTAA	-	0.023594777469867975
chr19	45827302	10_Txn_Elongation	CGCCTATTTGTGCAAA	+	0.3666281730933727
chr6	108755104	12_Repressed	AAAAAAGTCTGTCGGA	-	-0.7220601175217504
chr12	74486553	11_Weak_Txn	ACCTCGTGCAATCGTG	-	-2.8606839682343908
chr14	99690110	13_Heterochrom/lo	AAACTTTAGAGTATAT	+	-2.366136662697428
chr13	71390667	13_Heterochrom/lo	TACCTGAGCTCCGGTA	+	-1.5323992357971483
chr13	83137064	13_Heterochrom/lo	TTCGATCGTGTGTTTA	-	-1.0987681892063976
chr5	92350537	13_Heterochrom/lo	GATTATCCCCTATCCT	+	-2.2734252158123884
chr8	129687172	4_Strong_Enhancer	AACTATTGTGGTTAAT	-	2.1079969403674936
chr1	189474647	13_Heterochrom/lo	TCGTTAGGTTGCAGTA	+	-0.9993627986400169
chr1	190453447	13_Heterochrom/lo	AACGGAGAAGATAACC	+	-3.1578036258834232
