chr	location	strand	tBC	exp	annotation
chr7	140242230	+	AAGCATTCACTATAGA	0.8312852727994746	12_Repressed
chr14	73993312	-	GATGTATTCATTATGA	-0.9437430889859092	13_Heterochrom/lo
chr6	51519425	+	GTCTCAATGATCGCGA	-1.3241738344921863	13_Heterochrom/lo
chr4	109470672	-	AGCCTTATCATTGGAT	-0.8207117956452836	13_Heterochrom/lo
chr3	5018353	+	AAACGATTGCTATTCC	1.3850014155168162	4_Strong_Enhancer
chr3	71496142	+	TTGTAATGTATATAAT	-0.970755411158328	11_Weak_Txn
chr4	48424257	+	ATGATAATGTGGGTTG	-1.9863065403918894	10_Txn_Elongation
chr5	169744714	+	GTATCCCTGCGTTATA	-0.5534126453531236	11_Weak_Txn
chr6	10748900	+	TGCCAACCACAGAGGA	-1.5401051422567111	4_Strong_Enhancer
chr10	102713271	+	CTAACCAGGCTTCTGG	-0.740080605966009	11_Weak_Txn
chr7	135959789	-	CGGTAAGTGGCGTGAA	-2.3865997528376455	13_Heterochrom/lo
chr6	53325671	+	ATCATTTCCGGACATA	-1.5074090554883632	12_Repressed
chr7	111442874	-	ATTCACATGGTTATAG	-0.11888292057638411	13_Heterochrom/lo
chr2	181839450	+	ATACCGGTGTGGTCGT	-1.283328633287154	13_Heterochrom/lo
chr2	72423931	-	AAATGACGATCGTTTA	-1.7723934211008217	13_Heterochrom/lo
chr7	65002639	+	AACGATCGTTGGCGAC	-0.6502449594019478	13_Heterochrom/lo
chr6	115905087	+	TGCTCAACTTTTATCT	-2.9060462074128024	13_Heterochrom/lo
chrX	66163132	+	GGATACGTGTAGATCA	-0.34397356326297324	6_Weak_Enhancer
chr12	92063165	-	TAATTCTTGACAGCTT	-0.7256960524442242	13_Heterochrom/lo
chr12	64221560	-	ACTCTTTGGGCTAGTA	-1.2294538106170254	13_Heterochrom/lo
chr8	9663298	-	ATCTAGCGTCTCTTAA	-0.9376947117216908	13_Heterochrom/lo
chr20	35146032	-	GCCTATTGTCTAAAGT	0.34486008235987653	11_Weak_Txn
chr2	27010123	+	TGAAGTCAGTTAGCAA	-0.49087551289659725	2_Weak_Promoter
chr2	145221217	+	GAAGCTAGATGACAAT	-2.1457551350160813	9_Txn_Transition
chr3	153233253	+	ATAACTTAAACCCTCA	-1.7075317309656757	13_Heterochrom/lo
chr18	30679388	-	GGATTTCATATCAAAA	-1.4718203525637996	13_Heterochrom/lo
chr3	190881429	-	TAGCGTGATTCTAGCT	-1.3846603445138361	13_Heterochrom/lo
chr20	34111803	+	GTCTATTTTGTTGACT	0.34176541291383616	13_Heterochrom/lo
chr1	12532132	+	TTAACGGTTAGTTTGT	1.3375837537694322	5_Strong_Enhancer
chr3	4825945	-	TAGTGTTTCTTGAATA	-0.5677836627385857	11_Weak_Txn
chr1	101035350	+	AGCTAATTATGGTCTT	-0.45838157822922065	13_Heterochrom/lo
chr1	51516409	+	TGCGTCTGCCTACTTT	-0.6111057507644599	13_Heterochrom/lo
chr10	72801982	-	CTGATATGTTCGTTGA	-0.07319460659209244	12_Repressed
chr16	8112675	+	AGAATCCTTACATTTA	-1.0479936956565115	10_Txn_Elongation
chr20	31514077	-	TTTACTCTGGGTATAC	-0.7202711281266485	12_Repressed
chr14	28138472	+	GTATTACTCGACGTCA	-1.1519513436201574	13_Heterochrom/lo
chr7	105011447	-	ATAGTCTGATTTTCTA	-0.46518940119829244	9_Txn_Transition
chr14	24670341	+	CATATATAATTGGGGA	-1.9504548031040407	11_Weak_Txn
chr15	38602483	+	GTGTAAACGTGTCGCA	-0.15370495822342237	13_Heterochrom/lo
chr14	51339812	+	TATTCCGTTCTAAGAC	-1.4881867952234769	13_Heterochrom/lo
chr3	166399548	-	TGTAGTGAATCTTCAC	-3.456006478866523	13_Heterochrom/lo
chr13	91355583	+	TGATTTCTAAATCCTT	-2.3256488849924075	14_Repetitive/CNV
chr22	29075400	+	ATGCGCTGACCATCAT	0.30823008937704094	1_Active_Promoter
chr1	181087908	-	ACACTCGGTACATGCA	-1.1994724760186115	11_Weak_Txn
chr15	75335655	-	TGAAGCTCCTAAATAA	-1.3103674141570436	4_Strong_Enhancer
chr7	105076779	-	TAAAAGCTTCTTTTCA	-1.1398187967497342	11_Weak_Txn
chr11	3514704	-	TTATTTGGTTCGTTGC	-0.7397567488585504	13_Heterochrom/lo
chr1	186222388	-	GACGAATTATGGGTAT	-1.0696825871742601	13_Heterochrom/lo
chr8	55728992	-	TTTGGGCAATCTTCAC	-1.7611704201453844	13_Heterochrom/lo
chr12	66992025	-	TCTTAACAGGTGAACC	-1.008961546449775	13_Heterochrom/lo
chr6	17986317	+	CAATCCTACTATTTCC	-0.30338378048207654	2_Weak_Promoter
chr4	92857851	-	ATTTTTGTGCCCTTAA	-2.3559930551902246	13_Heterochrom/lo
chrX	46578529	-	TTACCTGTTGTTGCAC	-0.7740713664953934	13_Heterochrom/lo
chr3	3135969	+	GAACATCTATCTCCGT	-1.3394863882658714	13_Heterochrom/lo
chr9	121303245	-	TCAATTATGAGTCACA	-0.3705848644729252	13_Heterochrom/lo
chr8	108247964	-	ATGGTTATGTATCACA	-1.2569297410099898	11_Weak_Txn
chr1	46571208	-	ATATCATTTTATGGTT	-1.1139330133841063	11_Weak_Txn
chr18	2009769	+	GTTTTTTTATCTTACT	1.4701153012713806	13_Heterochrom/lo
chr8	2769293	-	TCTTATCGTCTTTATT	-0.7850335030416241	13_Heterochrom/lo
chr5	146577803	-	CCTGTGCTCTCTTCAA	-2.4196116314470832	13_Heterochrom/lo
chrX	121302691	-	GTCATCTCTTAACCGA	-1.4338803942728517	13_Heterochrom/lo
chr3	65588981	-	TATCATATCTCTTCAA	0.5372902314547131	7_Weak_Enhancer
chr8	104202932	+	GTACGGCACCCCCATA	1.06553121512953	13_Heterochrom/lo
chr6	28952429	+	TCGCTGGTAGCACTTC	1.1747405522145487	11_Weak_Txn
chr20	62026149	-	GCTTTACTTGGTTGCC	0.26765980789933663	12_Repressed
chr9	37290661	-	TTAAACTATTTTTGTC	0.18923734421923677	5_Strong_Enhancer
chr1	112971432	-	CTGGTGTCTAGGTATA	-0.3263432974997016	12_Repressed
chr6	122722108	+	TAATCTTATTAACTAT	0.20695190324673113	2_Weak_Promoter
chr9	32611252	+	TTAGATAACATTTTTA	-0.41674740634649066	13_Heterochrom/lo
chr3	169971465	-	ATATAGTCTATTAAGC	-0.007633258310647604	7_Weak_Enhancer
chr1	219870557	+	TAGGTGCGTCCTCGTA	0.12807017756455016	13_Heterochrom/lo
chr18	30704407	+	AGTCCTAGATTATTCT	-2.2143163141760436	13_Heterochrom/lo
chr8	127944730	-	AGCATTCGTTTGAACT	0.5388789321907487	13_Heterochrom/lo
chr7	25088688	-	TTGGTCGGGGGGTCAC	-1.661451538367702	13_Heterochrom/lo
chr7	65922783	+	AGCGGTAATTACTATA	-1.1231551684958523	11_Weak_Txn
chrX	69090017	-	AGTTAGTTTCGGAGTA	1.5733287066136894	13_Heterochrom/lo
chr12	117046152	-	CTGTGGTGGCCCCGTA	1.6437901632984495	11_Weak_Txn
chr11	60005273	+	TTGTTAGTCGCTAGGA	1.6433869102995406	13_Heterochrom/lo
chr10	85266756	+	GGTCCGGTTTCGATTT	-1.910615195462322	13_Heterochrom/lo
chr6	2046379	+	TACTGTCAGCTTAGCA	-1.1275756757313804	12_Repressed
chr4	143604065	-	CATTCTCGGGGGTATT	-1.139596594913882	13_Heterochrom/lo
chr2	104993734	+	TTTCGTTAAATGTGCA	-1.6154667480391194	13_Heterochrom/lo
chr15	52836532	+	TTATACTTAATAGTTA	-0.84144619551674	13_Heterochrom/lo
chr7	78483757	-	TGACAGTGTGAAGATT	-1.2736711384368724	13_Heterochrom/lo
chrX	139891303	+	GGTTAGTTTGTTGATG	-0.14241392606659978	13_Heterochrom/lo
chr6	4292224	+	AAAATAATCTGTGTCA	-0.7415035153528289	2_Weak_Promoter
chr2	75872539	-	CTGAGTATCGTAAGTA	-0.5899463551677712	13_Heterochrom/lo
chr3	182978400	+	GATTGTAGTTCTACAA	1.645221005053186	7_Weak_Enhancer
chr5	134437364	+	CCTTTTTTCCATCGTT	-0.8560460584952453	11_Weak_Txn
chr1	174950249	+	TTGGATTTGCAAAGCA	-1.5324436822022582	10_Txn_Elongation
chr13	44365151	-	AATCTGCACTATTATT	0.3533863590746323	13_Heterochrom/lo
chr1	41236326	+	AAAGAGTCTAAGCCGA	0.6232003911996783	8_Insulator
chr5	56907814	-	TGAACGTCGTTGATAA	-1.6140763963155829	13_Heterochrom/lo
chr6	42032062	-	ATTACGGACCTTGGGT	0.3811293295951101	10_Txn_Elongation
chr6	106097955	-	CATGTGTTACTGAAAA	0.47974514639745275	13_Heterochrom/lo
chrX	125518511	+	AGAAAGATAGCAGTTC	-1.6269334763884855	13_Heterochrom/lo
chr4	16193288	+	GTGGCATCACAATGTG	-1.6459204992563077	10_Txn_Elongation
chr21	15061499	-	TCTAGTAAACGTTGGT	-0.796125636706505	13_Heterochrom/lo
chr14	75763171	+	GTTTAATTGTTTTTTA	-0.55414099852877	4_Strong_Enhancer
chr6	28334439	-	TTCGTCATCAAACATC	0.11618420595504982	10_Txn_Elongation
chr4	122412881	-	GCCAGGACATTTATAG	-0.8190688598265938	13_Heterochrom/lo
chr5	94522117	+	GTGAGAAGATTCAAGA	-1.4026924044493083	13_Heterochrom/lo
chr2	188327589	-	GAGGAAATGTTTACCA	-1.782142178364849	11_Weak_Txn
chr7	132968276	-	TAGACACTGCGTTGAT	-2.9631111303528708	10_Txn_Elongation
chr2	23383609	+	GAGTCAATGGAATGTA	0.20001077039018034	13_Heterochrom/lo
chr7	77834811	-	ATATTTTCGCCCCGCA	-1.1396782403006611	13_Heterochrom/lo
chr5	139031319	+	TGTTTATTGTTGTCAA	-0.7886588391685612	2_Weak_Promoter
chr1	246394238	-	GGTAACTACTTAAATA	0.5491189606709189	11_Weak_Txn
chr8	127959647	-	ATGCGAGTTGCTGGTC	1.5855543339076803	13_Heterochrom/lo
chr12	12715489	-	AATGTTTATGACATCA	0.5874868051106982	1_Active_Promoter
chr9	124660674	-	TTACTGGAGTAGGTGT	-0.2173892055117038	13_Heterochrom/lo
chr17	5365249	-	ACCCGCACCCTCCTAA	-2.066681267555179	11_Weak_Txn
chr1	17442377	+	CATCACGTGCATTCAA	0.25567989907158983	12_Repressed
chr12	96311141	-	GATATTTTATATTTCA	-2.0516050775845596	12_Repressed
chr20	5131634	-	TTTTCGGCGTTATACT	-0.8258032861633928	7_Weak_Enhancer
chr9	72510491	-	AATTCATACTCGATCA	-0.12616774390457086	13_Heterochrom/lo
chr4	94202331	+	ATTTAGTGACCTCTCT	-1.2995146792345718	13_Heterochrom/lo
chr18	74809198	+	TATACGCGAATCCTAA	1.756085454871764	13_Heterochrom/lo
chr7	151393910	-	TGACATTCTCTTATCT	2.1518028621340646	12_Repressed
chr12	7296396	+	AGACTCTTAGCTGTTA	-0.66718648512911	11_Weak_Txn
chr12	74488694	-	ACCTCGTGCAATCGTG	-1.9787350508224586	13_Heterochrom/lo
chr3	20893281	-	CCACAGCTATCTTCCA	0.5923819377321515	13_Heterochrom/lo
chr10	75253291	+	TTTCTTTACGATTTGT	-0.1084614373546821	2_Weak_Promoter
chr15	76115074	-	CTGATCGCGGATCAAG	-1.0786026031839022	7_Weak_Enhancer
chr5	141300779	+	TTCAGATATGTGTTCA	-0.4970763532014536	11_Weak_Txn
chr17	47897472	+	TACTTTAATAAGTTTG	-0.6017443288641547	10_Txn_Elongation
chrX	24166155	-	TCCCCAAACTTTATGA	-0.4517530483188736	6_Weak_Enhancer
chr7	111474756	+	AACCTTTGTTATTTGC	-1.0828234940152481	13_Heterochrom/lo
chr6	118816954	+	TATCGTGTTCGACAAG	-0.6437458952430477	11_Weak_Txn
chr3	156347936	+	ATTTAGTACTTGCTCC	-0.7885874751190012	11_Weak_Txn
chr2	145813904	+	ACCCGACTGTTGCTCT	1.176963551985499	13_Heterochrom/lo
chr1	68483110	-	AAGTAGCGTCATGCTC	-2.3587748245772993	13_Heterochrom/lo
chr4	80576864	+	GACTAGGCGTTATAAG	-0.607511187962139	13_Heterochrom/lo
chr6	36108024	-	ATTACATCCAAGCACA	-0.9065064085836451	6_Weak_Enhancer
chr22	22241103	-	TCTAACTATTAGGTTT	-0.40248782767196345	14_Repetitive/CNV
chr10	99709191	+	TTGTTTCAGGTGTTTT	0.7774158602388235	7_Weak_Enhancer
chrX	41664963	-	TACCAATCTCAATAGT	-1.0640900059637832	13_Heterochrom/lo
chr11	47513100	-	CTGTGCTTTTACACGT	-0.3856474889334365	10_Txn_Elongation
chr13	109021320	+	GATAGCACTTTGTAGA	-0.3704483092124288	13_Heterochrom/lo
chr21	33685266	-	TGATAAAGTATACGTA	-1.6298265845939013	10_Txn_Elongation
chr10	72175685	+	GAAAGGCAATAGTTAA	-0.9938696201975757	11_Weak_Txn
chr6	144675973	-	TTTCTTGTATACAGCA	-2.66654562805499	13_Heterochrom/lo
chr1	31940304	+	TATTGTGCTTTGTATC	0.6230273748216295	13_Heterochrom/lo
chr2	11329343	-	TCTGTGTTTATAGACT	-2.2435045626726824	10_Txn_Elongation
chr8	129687502	+	TCTGAGGCACTGTAGC	1.7654027548938849	13_Heterochrom/lo
chr6	17923630	+	GTTTATTTTCCTTGTA	-0.849748232834491	7_Weak_Enhancer
chr22	38611835	-	TTTTTAATTATTTCAA	-1.628578859048373	13_Heterochrom/lo
chr12	117092156	-	GCGTTATACTATGTTC	-0.7245223764894185	13_Heterochrom/lo
chr2	115725326	-	AAGGCTATAATTTGCA	-2.507984781539205	13_Heterochrom/lo
chr7	106617513	+	TGAATTCTCATCTTTG	0.01754400305651565	4_Strong_Enhancer
chr20	47607362	-	TATTTTTACCTGGTCA	0.3661691061795651	10_Txn_Elongation
chrX	72470644	-	TTCTTCGATTTGGTGC	0.14066009579808308	13_Heterochrom/lo
chr1	114912584	-	ATTGGTTCTGAGGAGG	-0.1141534365385936	5_Strong_Enhancer
chr2	126503950	-	TTTTTTCCGTGGATGA	-0.7627826763016181	13_Heterochrom/lo
chr2	87469923	+	TATGCCAACTTTCTTC	-1.5876824786382209	13_Heterochrom/lo
chr6	14777663	-	CGGTTACGTATATCAA	-1.5507834285228392	4_Strong_Enhancer
chr3	19937621	+	TATGTTCATACTGTGT	-0.9539464714699143	11_Weak_Txn
chr8	100472368	+	GTGCAACACATACATT	-1.1975246239545507	11_Weak_Txn
chr14	29699501	+	AATGCCGGAGTTGTTA	0.08302975228790024	13_Heterochrom/lo
chr7	39953142	-	GTATCGGTTTACGTAC	0.3143243811422306	12_Repressed
chrX	32583024	-	TTGAATCTAGTGCTAA	-1.5651247699124464	13_Heterochrom/lo
chr10	15802690	+	CACTGTGTGGTTGTGA	-0.45710514410072256	13_Heterochrom/lo
chr2	65232312	+	ATGTCCTCAGATTATA	-0.8215054534294721	10_Txn_Elongation
chr1	11798117	-	TTGTTATTTATGATGA	0.9939496556986311	4_Strong_Enhancer
chr2	208594591	-	AATTTGTGGATTACTT	-1.2742879578187847	13_Heterochrom/lo
chr13	71697594	+	TGCTCGTTTACCGGTT	-0.9962138789277059	13_Heterochrom/lo
chr1	43524917	-	TAAATCTTTTTGTTAT	1.2442947807342892	6_Weak_Enhancer
chr3	120693757	-	TAGTACACATAAATCA	0.9676987333885138	13_Heterochrom/lo
chr10	44288184	-	ATCCCTTACAAGGTTC	-1.31209658820531	13_Heterochrom/lo
chr1	232285522	-	GTGCTCTATACTATGA	0.17432301164876132	13_Heterochrom/lo
chr7	137314955	-	ATCACTTTAGGTAGAA	-3.0072640977638514	13_Heterochrom/lo
chr10	5895406	-	TAAATGTTAACGCACA	1.1326521623518	6_Weak_Enhancer
chr21	21196868	+	GGGGGTTTGTTGATAA	-0.40171508053739047	13_Heterochrom/lo
chr4	26524267	+	TTGACCAACGCGTTAT	1.392461174203556	12_Repressed
chr2	3587619	-	AGTCAAGTTAATTTAT	0.10830709646197045	10_Txn_Elongation
chr15	44283989	-	CTTTAGTTCTTATGTG	-0.9717089839239264	13_Heterochrom/lo
chr3	36896122	+	TACGAGCCACTTCGGA	-0.7662467967224545	12_Repressed
chr1	179035238	+	AGCTGGGGTAAAATAA	1.8600418080945393	10_Txn_Elongation
chr3	133161048	+	TCCGAAAGTGGGCTTT	-0.8560984362899697	13_Heterochrom/lo
chr4	89000617	-	GACTTATTAAACTTAT	-0.26851395842022974	12_Repressed
chr12	39627974	+	TTATTTGTACTGTAAA	-0.674551557495208	13_Heterochrom/lo
chr20	58652657	+	ATTTGGCGAATGACGA	0.3466824429605071	13_Heterochrom/lo
chr3	177674110	-	TGACCGTCGTCTTGAA	-1.1841038197925748	13_Heterochrom/lo
chr3	122578215	+	TATCAGAAGCGTTCTC	0.33759667808204946	13_Heterochrom/lo
chr6	166318234	+	TGCAGGTTGATGCTCC	0.0365858146908118	13_Heterochrom/lo
chr2	158982157	-	TTGATTGTCCTATACA	0.601734520412766	12_Repressed
chr2	83824338	+	CCCTATCCGATGTCTG	-0.7129358118158143	13_Heterochrom/lo
chr2	101649109	+	GATTTTCGCTTATTTA	-2.91476405507521	13_Heterochrom/lo
chrX	15542288	-	CCTAATCATAGAAGGA	0.7998952240102526	11_Weak_Txn
chr6	695975	+	TTTTATTATGACGACA	-1.0581345662043493	12_Repressed
chr6	51021723	+	AGTAATTCCATTATCA	-1.4349960862658084	7_Weak_Enhancer
chr6	97169232	+	ATATATTCTTTCACAG	-0.5517036953081761	13_Heterochrom/lo
chr6	42971023	-	CCGTTATTTGGGGTAA	0.602980892124683	11_Weak_Txn
chr1	180795373	-	GTTCGACGGTCCTGTT	-0.960080848576721	11_Weak_Txn
chr11	113665952	+	CTTGTTGCATAAACTC	-0.15897237215599544	13_Heterochrom/lo
chr2	45309389	+	GGCTTCCAGAATGCCT	-0.3064640099070866	13_Heterochrom/lo
chr13	38355696	+	TGTAAAGTATCGTTAT	-2.3842608863472865	13_Heterochrom/lo
chr10	44615306	-	TTGATTTTTAAACACA	-0.1330768136725892	13_Heterochrom/lo
chr1	23294734	+	CGCGATTGATTGTAAT	-1.0535650532733392	12_Repressed
chr8	95252587	-	TGACTTGTGTGGGTAA	-1.6284980306224828	12_Repressed
chr2	172000708	-	ATGGATGACATCTTGA	-1.2773498690923213	14_Repetitive/CNV
chr2	133599919	+	GAAACTTGGATCAGTA	-4.38295965971688	13_Heterochrom/lo
chr6	4404392	+	TGGTTTTTAACTCGCA	-1.2472275266532828	12_Repressed
chr10	17167460	+	TATAAAATTAATTCGA	-1.4229025812967468	11_Weak_Txn
chr1	245885459	-	TGGGTATAAGCTATAT	-1.899386342574287	13_Heterochrom/lo
chr4	48729347	+	AGTTGATAGTTGAAAA	-2.076621727722662	7_Weak_Enhancer
chr11	11913650	+	TAATCCGATTTGCTTC	-0.6616636191929605	10_Txn_Elongation
chr6	106222432	-	CGTTAGACATATTCTT	0.16526175393850884	13_Heterochrom/lo
chr5	81736324	-	TTTACTATCAAGATCA	-0.9809712232012681	11_Weak_Txn
chr7	17749207	-	TTAAGAGGTTATATTT	-1.497467456792804	13_Heterochrom/lo
chr11	27308462	-	TATAGGATCTTGTGTT	-1.2737865280110572	13_Heterochrom/lo
chr22	40045991	+	GCTCCTATGGTACTCC	-0.49405102370463105	13_Heterochrom/lo
chr1	15531815	-	TCTGTTGCTAATTTCT	0.5523616625044196	12_Repressed
chr8	55844345	-	CCTCCTTCAGTTCCCA	-2.501194895058406	13_Heterochrom/lo
chr15	29809930	+	TCCATTTTATTAGTTG	-3.236758665059966	13_Heterochrom/lo
chr6	42665551	-	TACCAAACAGTATACC	-1.2721728163973596	11_Weak_Txn
chr3	15427284	-	TTGCCGCAGGCTGTTC	-0.9660758263414	7_Weak_Enhancer
chr2	190184967	-	ACACCGCAGATTCACA	1.6126722531880222	13_Heterochrom/lo
chr15	84950702	+	ATAGAAGTTACTTCGC	1.0416195434276045	13_Heterochrom/lo
chr1	44607042	-	AAGGGTTTGTATAACA	0.08234055729375947	12_Repressed
chr1	23840710	-	AGTAGTCTGCGCTACA	-1.2624764507422994	9_Txn_Transition
chr2	105747070	+	AGTGAGTCAATGTTCT	-1.7280033496655784	13_Heterochrom/lo
chr5	36240786	-	TCTTTTTTTGGAACAC	-1.5922756937637883	1_Active_Promoter
chr10	75237627	+	TAATCCATACACATGC	-0.5739464725051584	10_Txn_Elongation
chr3	169147390	+	TTTTCCTCCCGCATAC	0.08297360361055105	13_Heterochrom/lo
chr6	47415207	+	TATTATCCTCAGAAGT	-0.8864242807390946	11_Weak_Txn
chr7	107836489	-	GGCTGTACTTTGTGTA	0.3553592197805683	7_Weak_Enhancer
chr7	84704489	+	GTATTAACATGGGTCA	-1.2723080401199887	13_Heterochrom/lo
chr4	128524440	-	GTGGTGGGTACATCTT	-0.1692467617928135	13_Heterochrom/lo
chr10	60786816	-	CGGTGTGTTTTTCGTT	-0.3032510900954914	13_Heterochrom/lo
chr12	71697645	+	GCCTTGTTATGACACT	-1.219190983988856	13_Heterochrom/lo
chr2	237260623	-	GGGGTGCATCCAAAAA	-2.0497365663720797	13_Heterochrom/lo
chr20	53622760	-	TTATATGATTTGGGCA	0.9573999940593211	13_Heterochrom/lo
chr1	56687968	+	GTGCTGTACAGCCCAC	-1.1320663303654894	13_Heterochrom/lo
chr3	43581462	-	ATTTCTACTGATTTCA	-1.021494072049329	10_Txn_Elongation
chr8	107872135	+	TTGCAATAGCTAGTCT	1.1819771149497684	13_Heterochrom/lo
chr14	100057043	+	CTTCACTCTAGTGTGT	-0.5894737067789333	11_Weak_Txn
chr6	28137756	-	GGTATTCCACGGGCCT	0.35900806471725194	7_Weak_Enhancer
chr13	30740262	-	CACTTTGGTTCCTTAA	-0.6385400456356196	12_Repressed
chr4	123543534	-	GTTTGGTAGATCCAGA	-0.27502308835979766	13_Heterochrom/lo
chr7	108526729	-	ACCGATGGGAAGTTCA	-0.025461904935418132	13_Heterochrom/lo
chr6	158815011	-	TAGAGTCTGAAACGAA	0.677026644242514	11_Weak_Txn
chr5	80423278	-	CTTTAATAATAATTCA	-2.3959827444749866	12_Repressed
chr11	110094343	+	TGACGGGTTAACAGTT	-0.34847334189716117	11_Weak_Txn
chr8	17228434	-	ATTTATCATAGCTTTA	-2.2701296329266856	13_Heterochrom/lo
chr12	29347615	-	TCTTAAGCTAGATAGA	-0.3180125577557454	13_Heterochrom/lo
chr14	39186872	+	GTCCACTCTTAACTCA	-1.6411618413518063	13_Heterochrom/lo
chr8	4487617	+	CCGCTCCGTATATAAT	-2.6010688956000205	13_Heterochrom/lo
chr6	781435	+	GGAAGTTGGCTATTGG	-0.6624545511202861	4_Strong_Enhancer
chr2	155232081	-	GTTTGCGAGCCTCATA	-0.32491949435779593	13_Heterochrom/lo
chr2	217148110	-	ACCTTTTTCGAGTTAC	-1.4848626105596479	13_Heterochrom/lo
chr11	35439228	-	TTTCTGTCGTACGTCT	-0.5247762814541473	13_Heterochrom/lo
chr10	3879699	-	AATTGCTGTTTACGTG	-0.6536003804491879	7_Weak_Enhancer
chr3	24173798	-	TAGGACTACACATGAA	-1.5321344564506274	11_Weak_Txn
chr8	101078737	+	AATGTGACTAAACTAT	-0.049197832503094466	13_Heterochrom/lo
chr6	125103992	-	TTGAACATGGTTACTA	-0.6429926079044513	13_Heterochrom/lo
chr10	133246081	-	TCTGTACTGGTTTAAC	1.447336499197668	13_Heterochrom/lo
chr15	64570518	-	GTTGTTTATTTCCGGA	0.27104482426654736	11_Weak_Txn
chr14	31458139	-	GGTCTAATGACTATAA	-1.1188120811246944	11_Weak_Txn
chr6	20675078	+	CGTACCTGGTCTAGAA	-1.4090509770389015	7_Weak_Enhancer
chr6	37650753	+	CCGACACACTTTCCTT	1.497161256083341	12_Repressed
chr2	239372333	+	ACAATAGACAGTGGCC	-0.2681600627650877	13_Heterochrom/lo
chr1	29157039	-	TAGTGTGGATACTCTC	-0.9672911876131451	12_Repressed
chr17	20927883	+	CAGACTAACCCCTGCA	-1.1792885403768791	10_Txn_Elongation
chr4	173293890	+	ATGGCTTCTCTCTGCA	-0.4648148039229571	13_Heterochrom/lo
chr3	45154126	-	ACGTTCATTTTCGAAA	0.7271909505049388	7_Weak_Enhancer
chr5	349704	-	GCTTTAGGATTATTAA	-0.7805278791174695	12_Repressed
chr4	173584852	+	CTATCTCATTTATTCA	-0.2545967037277173	13_Heterochrom/lo
chr3	167935159	+	TATTGTTTATGTTAAA	1.073515773627682	13_Heterochrom/lo
chr10	22429156	-	CGCGAGTAGCGTTGGT	-0.5314876373130983	13_Heterochrom/lo
chr10	68490808	-	AGACGTATTCTATTCC	-1.2264102978724396	13_Heterochrom/lo
chr19	38317337	-	TGGTCTTTCACGGCGT	1.0101360746197268	13_Heterochrom/lo
chr11	9439394	-	TTTTTTCACTAAACCT	0.10893422686681135	10_Txn_Elongation
chr7	23474834	-	TTTTGTTTGTATGCTT	1.1840649563460435	9_Txn_Transition
chr6	43391435	+	TTAGTCACGTGAATGA	0.3906283410588874	13_Heterochrom/lo
chrX	134413793	+	GTGACTTGAGAGGACT	0.4946775562760734	13_Heterochrom/lo
chr5	80262365	-	GATCTGTTGACATTCA	-1.0409051269329912	13_Heterochrom/lo
chr20	10752998	-	CCTAGTAAATTTCGTG	-0.3490383717184675	13_Heterochrom/lo
chr1	101063308	-	TTGGTGCGGGTGTGCC	0.04450929887057331	13_Heterochrom/lo
chr6	34216158	+	TGTGAAGGTCCAGTCA	-0.052133657603335826	4_Strong_Enhancer
chr4	38243116	-	AAAAGGTTTATATCAA	-0.12334621529590416	11_Weak_Txn
chr4	40055551	+	AGTCTATCTACCATTT	0.5226406796754856	13_Heterochrom/lo
chr2	192646525	+	ATGATGGCCCAGGACC	-0.9625349414019324	13_Heterochrom/lo
chr5	160022093	-	CATTGGTCCAACTGTC	0.2629635274363133	13_Heterochrom/lo
chr17	33908627	+	GTTTAGAGTGGTGGGA	1.0522550350836035	13_Heterochrom/lo
chr10	110764329	-	GTTAGAGCATTCGCGT	0.5628954384882167	13_Heterochrom/lo
chr17	80255389	-	TGTGAGTGGCACATAG	2.33678790835723	4_Strong_Enhancer
chr6	35032108	+	GTCCGCGGTAAGAACC	1.8311967526651713	11_Weak_Txn
chr4	78645140	+	CCCTTTCGTTTCACTA	0.33280437777251065	11_Weak_Txn
chr10	61151497	-	AATAGCGACGCCTATC	-0.7459350810540493	13_Heterochrom/lo
chr16	85330920	+	TCGGCTTAATGTGTCA	-0.20869162437412364	6_Weak_Enhancer
chr6	34890368	-	CCAGTAGTCGTTAATG	0.429227635223006	9_Txn_Transition
chr4	143218437	+	AGTACTGCTTTCAATA	-0.8063501798439938	13_Heterochrom/lo
chrX	8766823	+	TGCACTTTTAATTGAA	-2.532301869941317	13_Heterochrom/lo
chr9	120793705	-	GTGATCATATGGTTTA	-0.7159085414575013	13_Heterochrom/lo
chr9	6873391	-	TTCCGTTACTTTTCTA	-0.07481368003096621	13_Heterochrom/lo
chr5	119031905	-	GTTGATGTTAGTGCGC	-1.5968749314164086	13_Heterochrom/lo
chr1	26830583	+	TGCCATTCTTATAGTC	-1.1091901869104055	11_Weak_Txn
chr1	219570986	+	CAATTCTTTAATGTCA	-1.2870262940934196	13_Heterochrom/lo
chr3	172870214	-	CAGGATTACACATCGT	0.34249758609315684	13_Heterochrom/lo
chr6	28347198	-	TCGAACTCACATATTT	-1.3854253266990832	10_Txn_Elongation
chr5	95925984	+	GCGCTCGTTGTATAAA	-0.5194053415984492	13_Heterochrom/lo
chr7	131340666	-	GTTGACAACTTTGATA	-0.8164403501710915	12_Repressed
chr5	158890239	+	CTCTATATGTTTAATA	-0.5943818696004732	13_Heterochrom/lo
chr8	39441422	+	AGAATCTTCCTGTTCA	-2.2010484685723846	13_Heterochrom/lo
chr14	71439764	+	TAAAAAGGAAAAAGTA	-1.6248761236382012	13_Heterochrom/lo
chr2	202891498	-	TTTTTACTAGGTTTCA	-1.3784076437465416	12_Repressed
chr20	58637001	-	TTCGTCTAGTCTATGA	1.1323038284475524	13_Heterochrom/lo
chr18	8916223	-	CGTTCGTTTTATTCTA	1.2983808223749493	1_Active_Promoter
chr7	29794403	+	TTAGGCCTTCGTTCTT	0.43302862702747486	13_Heterochrom/lo
chr20	50475027	-	GTACTTAAGGGGATCA	-1.1150809678071254	13_Heterochrom/lo
chr21	22379714	-	TATAGTTTACTGCTAA	-1.5592531102318965	13_Heterochrom/lo
chr2	121584463	-	TCCCACTGTTCTAAGA	-0.4077691598972493	12_Repressed
chr1	40477991	+	GCACCATCGCTACTGA	-2.5934617836512954	13_Heterochrom/lo
chr2	148023621	+	TATACATATGTATTCT	-1.4334670625037382	13_Heterochrom/lo
chr2	6866893	-	CTTATGGGTAACATAC	-0.5277365217203925	13_Heterochrom/lo
chr1	38523473	+	CCGCCTCCACTGCCGT	-1.264762939974706	12_Repressed
chr6	2944243	+	AACCAACCTAGGTAAA	1.9372342491622276	7_Weak_Enhancer
chr3	80086449	+	GTCTGCCAGATAATTT	-3.040336498314521	13_Heterochrom/lo
chr22	32870983	+	TTCCTGTACGGTCAAT	0.854234980397985	1_Active_Promoter
chr1	181099837	+	CCGTCGCCAGGATAGC	-0.4440018142554979	5_Strong_Enhancer
chr16	23956348	-	GGAGACTGTCCGTTAA	0.5354328463189769	9_Txn_Transition
chr10	50342680	-	TCCTTGCATATGGTAA	1.1162528687288273	7_Weak_Enhancer
chr2	66464460	+	TTGTTTGTCTTTGCAT	-1.2992744894984734	12_Repressed
chr4	186001520	+	CTTATGTCTGTTGCTA	-1.1188959420809177	13_Heterochrom/lo
chr1	167254103	+	AATTTCTTCATTCTCA	-0.2708197830401049	11_Weak_Txn
chr17	38784694	+	TGACTCTCTCGCTTAA	-0.00330260838380704	10_Txn_Elongation
chr4	123399622	+	TTGCTGCTCGCCATTC	-0.1918621971168689	13_Heterochrom/lo
chr12	116507069	+	TTTATAAACCCTCTAA	-1.7511068792098572	9_Txn_Transition
chr10	118330113	+	CTATATGAGGACTGTC	-1.0543574779504523	13_Heterochrom/lo
chr7	133252153	+	TGGTTTATAAATAAAG	-0.7665805218054685	11_Weak_Txn
chr2	191023645	-	GTGGTAATACGTGCAA	-0.7041686711723415	13_Heterochrom/lo
chr7	16300712	-	CTCTGGTCAGTTAAAG	-0.15149375103351842	1_Active_Promoter
chr2	189608723	-	GTGCGCATATCCCGTT	1.3782533210096077	13_Heterochrom/lo
chr14	83320182	+	TACAATGTCATTTTCA	-3.4114278176308126	13_Heterochrom/lo
chr1	241840982	-	TATAGACCGCTTTACT	-0.431707187345843	11_Weak_Txn
chr7	29088051	-	TACTTGCTTGGGTGAA	-0.6566044835392177	13_Heterochrom/lo
chrX	2828641	+	GGCTCTAGATCCATGG	0.20244103251128742	13_Heterochrom/lo
chr6	125955218	+	AAGTAAGAGTTTATTA	-0.6824405526873452	12_Repressed
chr15	63194141	+	TTTACTTGTTAGGGCA	-1.8905729306048	12_Repressed
chr21	14564415	+	TTCAGATCGCACTCTA	0.07317134539099972	13_Heterochrom/lo
chr2	43596743	+	TACCTCCACTGATGCA	-2.4649566368193243	13_Heterochrom/lo
chr2	204915197	-	TACTTTTAGTTGCTGT	0.07307009082438605	13_Heterochrom/lo
chrX	67556869	-	TTATATATCGATGGTA	-3.516619010872214	13_Heterochrom/lo
chr5	78509353	+	ATCTCGTTCATGTTTT	-0.0911111163066874	13_Heterochrom/lo
chr5	120139676	-	TCAGCGTTTCTTACAT	-1.3450871766687524	13_Heterochrom/lo
chr5	55255988	+	TTAAAAGTTTGGAGGT	-0.19078637995733	10_Txn_Elongation
chr7	20220534	+	GACCTGGACGATCTAT	0.17699209595389395	10_Txn_Elongation
chr6	161277873	+	CACTTTTTCTATTTGG	-2.160635881205355	13_Heterochrom/lo
chr11	14330230	+	TAGTTTAGGTTACACG	-1.0305957655455118	8_Insulator
chr18	3706178	-	TGAATACTGTGACCTT	0.38108036596867834	5_Strong_Enhancer
chr1	162417051	-	CATTGGTACAATGAGC	-0.8908988467459202	7_Weak_Enhancer
chr6	118778765	+	TTTCTTTATCTAAGGT	-0.10703349021683421	13_Heterochrom/lo
chr5	132028127	-	TTAAGTTCGCTTTTAA	-0.9395153214346326	11_Weak_Txn
chr5	173841341	-	ACGTTAATCATGGAGT	-0.1796554106124257	13_Heterochrom/lo
chr1	28949500	+	ACAAATCCAGAAGGGT	-0.45899161569862923	11_Weak_Txn
chr3	42191344	-	ATGGGTAAAAACGTCA	0.41654159416482994	9_Txn_Transition
chr9	95473421	-	TTCCGTCACGATATTC	-1.0138564074397287	11_Weak_Txn
chr11	42704576	+	ATTTTAGTTTTTAAGA	-1.1715457336135287	13_Heterochrom/lo
chr1	17441486	-	GTGTAGTTTAATTCAT	1.0555860483384503	12_Repressed
chr4	73068560	-	GTCTTGATACCATTAA	-0.3232869774991797	13_Heterochrom/lo
chr6	135146348	+	GGTCTTTCGGGATAAT	1.1870418561003404	13_Heterochrom/lo
chr16	84138719	-	TATTCTGTTAATCACT	1.0287985334539902	11_Weak_Txn
chr7	92032578	+	CGTTTATGTAATTCTA	-1.8914027455687965	10_Txn_Elongation
chr4	150543144	+	TCTTGAATTGTCCTGT	0.2519757910596063	13_Heterochrom/lo
chr6	123067400	+	GGATTGTATGGGTCGC	-0.29140017067980634	13_Heterochrom/lo
chr20	51938069	+	GTATGAATACAGGAAT	-0.9131780797770519	11_Weak_Txn
chr2	190462235	-	GACCACTTGTACCGTA	-0.5118904259042388	13_Heterochrom/lo
chr12	126907393	+	TTCTCAGTCCATGGAC	-0.48088342023775194	13_Heterochrom/lo
chr12	116111128	+	TCTCACCTGTTCTATC	-1.0118851198136152	13_Heterochrom/lo
chr10	101502776	-	ATCGAAGCTGTTTTGA	0.43370135592467557	10_Txn_Elongation
chr15	34707090	-	GAAGCTTAGATACGAT	1.3253442200508836	10_Txn_Elongation
chr12	127151158	+	ATCCCTTGGCATCAAT	-0.6000649715983896	13_Heterochrom/lo
chr13	91384042	+	TTGATATGGTTAGCCA	-0.8203363222323083	11_Weak_Txn
chr5	112534635	-	GTCTTCTTGGTTATGA	0.5011226408742523	12_Repressed
chr4	143100228	+	TTCTTTTCAGTTCTCC	-1.051716021894124	13_Heterochrom/lo
chr15	48975469	+	TAGTATGGCACCGTCT	0.73224452566452	13_Heterochrom/lo
chr1	7204609	+	ATATCTACCGCATCTC	-1.9664036632722606	12_Repressed
chrX	57104571	-	CACGTGAGCGCGACTA	-2.8264474513043867	13_Heterochrom/lo
chr12	96376820	+	GTCTCATATCTGCTTC	1.4537893004199514	13_Heterochrom/lo
chr12	45335450	-	TTTAGATTCGCGTTAT	-1.082255637167162	13_Heterochrom/lo
chr4	143517971	-	CAGTAGTATGTTTCTA	-1.5247052897179776	13_Heterochrom/lo
chr11	3920314	-	TCGTTTCAGTTACTTA	-0.20366788778614864	11_Weak_Txn
chr8	38347602	-	TTCTTGTTGATATCGA	-1.1016930767640876	12_Repressed
chr1	30175797	+	CCAGAACATCGTAGAT	-0.4675912595945925	12_Repressed
chr1	8011913	-	CATTCATGATCCTTAC	-0.05626081409737272	2_Weak_Promoter
chr11	75388907	-	GCAATGATCTCTTACG	0.4800726580525041	13_Heterochrom/lo
chr5	171405636	-	ACGTTTGTTTAGTTTT	-1.3865179266775662	11_Weak_Txn
chr2	207531119	+	GTAGCTTACACTTAAT	0.09282688883631772	13_Heterochrom/lo
chr8	129952720	-	AATAATGCATCTTCGA	-0.9886505802109743	13_Heterochrom/lo
chr10	42645480	-	TAGGGTCTCGTTCAGT	0.8316984153203072	13_Heterochrom/lo
chr20	49527134	+	CTTTTCACCCTCCTCA	2.9147656516871514	9_Txn_Transition
chr12	119665089	-	CTTCCATGTCCTTATT	1.097535261284029	13_Heterochrom/lo
chr10	42501885	+	CTATCAGTTACTCAAT	-0.6383033069027358	13_Heterochrom/lo
chr12	100185769	+	GCTATCTTTGGGCTTG	-0.5039387562036844	13_Heterochrom/lo
chr3	33792147	+	CTAGAAGTTGCACTGC	-0.4991400115582331	13_Heterochrom/lo
chr8	98774223	+	TCCTTTAAAAAATGGA	-1.1741497908031515	13_Heterochrom/lo
chr5	150904458	-	ACGCATTTTTGTTAGA	-3.756995950110375	12_Repressed
chr1	25923966	+	TATTATTCGTCACGGA	0.23049163841089998	12_Repressed
chr9	91927221	-	TTGTTCATGGTTAAAT	-2.6600284101345473	1_Active_Promoter
chr5	40477321	-	GGTGCTTGACATTATA	-1.9474512345449835	13_Heterochrom/lo
chr14	22956600	-	TGCCAGGTATACCTCA	0.5193126794487679	12_Repressed
chr6	94687690	+	GTGCCAAGATCACACA	-1.2948997133703057	13_Heterochrom/lo
chrX	43701046	+	AGTTACAATCATAAAG	-2.6683295775002733	13_Heterochrom/lo
chr15	61816411	-	CATTTCATGATAGGTC	1.125435924245206	13_Heterochrom/lo
chr6	123519913	+	AGTCCATAATCCATAT	-1.2830409155185596	13_Heterochrom/lo
chr1	195259282	-	ATTAGCGTATTTTACT	-0.9768672731169913	13_Heterochrom/lo
chr6	122529249	-	CACTTGTATCTTAAGC	-1.9466106804352898	13_Heterochrom/lo
chr13	48749811	-	CTACTTAGTTACTCAG	-0.9170285926052633	13_Heterochrom/lo
chr1	246490125	-	TATGTACAACTGATCA	-0.46510761288489133	11_Weak_Txn
chr11	124097086	-	GTCTTTTACCGTGTAT	-0.2621955878598667	11_Weak_Txn
chr2	83802382	+	TTTCGCATTCGTTTAT	-0.8191202266296466	13_Heterochrom/lo
chr6	163788594	+	GGACTACTAATGTTGC	0.922058324528023	12_Repressed
chr3	196600381	+	CCTGTATGCACGGAGG	-0.3526719921455014	11_Weak_Txn
chr12	76869480	-	GAAGGGTCCGTGTAAT	-1.3615866466935764	6_Weak_Enhancer
chr11	44245072	-	GTGGGTAAGAGTGTTG	0.5917755444609948	11_Weak_Txn
chrX	38807246	+	CTATCATGCGTTGTAC	0.0036551571008891976	13_Heterochrom/lo
chr2	80130219	+	TGGGCTGTATAACGAT	-0.19067900130710227	13_Heterochrom/lo
chr5	159179179	-	TGAAGTGGTTCCTATA	-1.3610403124271842	13_Heterochrom/lo
chr2	65498283	+	GAAGCGACTAAAGCAT	-1.0556348715926833	10_Txn_Elongation
chr18	268433	-	CAGATTCTTGCTAAAA	0.436771239888628	1_Active_Promoter
chr10	92594481	+	CGTTGTTGCTACATCA	-1.6027720479538767	13_Heterochrom/lo
chr1	92332104	-	GTTTGGTGGTCAGAAA	-0.9252502990334099	11_Weak_Txn
chr22	18845367	+	AGCGTGTCTGGTTTGT	1.2061131474291047	14_Repetitive/CNV
chr5	43065691	+	TTTTCTTGTTAAAGTC	-0.5143823072041263	1_Active_Promoter
chr2	151374076	-	TTGCAGCATCGAAAGT	-1.165049762163385	13_Heterochrom/lo
chr10	113831271	-	ACTTTGTACTTTTGAT	-0.7574475116458167	13_Heterochrom/lo
chr1	221672863	+	GGTACGTGATAATGGA	1.1565226122691958	13_Heterochrom/lo
chr20	10436646	-	AATCGTAAATTTGTAT	-1.2315172627837148	13_Heterochrom/lo
chr1	31810621	-	ATAAAGGCGGTGATCA	-0.20062810434417302	10_Txn_Elongation
chr11	110293616	+	GTCGTCGGTGATGGAA	0.3221823501283075	13_Heterochrom/lo
chr10	33604806	+	ACGTTGCCATAATTCG	0.7761007395965129	13_Heterochrom/lo
chr21	14548988	+	CGTTAGTTTGTACGAA	0.6275291006604371	13_Heterochrom/lo
chr7	146077957	+	AAAGTTCCATAGCGAA	-2.5000078386899713	13_Heterochrom/lo
chr1	151096538	-	TAATTTTCTTCATACA	0.12967572121008666	13_Heterochrom/lo
chr7	51627835	-	TCGTTTTTATGGATCA	2.5782731060093282	13_Heterochrom/lo
chr8	101041424	-	GCATAAACGTTTCATA	0.25346795159574403	13_Heterochrom/lo
chr8	11421910	+	TTCAAATATATCTCCA	-0.3262235850827988	8_Insulator
chr4	87033610	+	TTTTAAAGCAATGGGT	-1.5298549399020351	13_Heterochrom/lo
chr9	125182892	+	TTGGGGGTTTGGGAGT	-1.3246157934620195	13_Heterochrom/lo
chr6	43576632	+	CATGAACTGTCACACT	-1.2077300249074094	9_Txn_Transition
chr1	231073344	-	GCTACCGATCTTACGA	-0.12554025902420865	11_Weak_Txn
chr1	179045580	+	CGCGTCTTCTGGGGCT	1.3367964045530276	10_Txn_Elongation
chr2	58060610	+	TGTTGCTCGATTAGAA	-1.9028240696155858	13_Heterochrom/lo
chr15	58337772	-	AATACCACGTCAAGTA	-0.9344885570531596	10_Txn_Elongation
chr10	74940174	+	TCCAACTTCATTCTTC	-0.7971153367275802	11_Weak_Txn
chr3	48047862	-	AATGCGGATGTTAGTT	-0.984666506822416	11_Weak_Txn
chr19	12708474	+	ACATTGCGTCTTAGTA	-1.1495455765967384	11_Weak_Txn
chr3	183958873	-	AGAGTGTGTCCGTTTC	-7.770298500191171e-4	9_Txn_Transition
chr5	149550412	-	ATTGTTGCAGACCATC	0.7273945553105122	12_Repressed
chr10	66269994	-	TGTATTCATTTGCTGT	0.06278324775364381	11_Weak_Txn
chr6	108630747	-	CTTGATCAGGGGTTCA	-1.328027417090798	11_Weak_Txn
chr4	143903632	+	GCAGATATTTTCAGTT	-0.3805117862397945	13_Heterochrom/lo
chr6	56900817	-	TGTTTTGTTCATTTCT	0.015300999254387805	11_Weak_Txn
chr10	119264249	-	TTTGCGGGCAGTGCGT	0.649458250224731	13_Heterochrom/lo
chr3	153081516	-	GTAGTCAGTCTTGCTA	-0.7464794875203457	13_Heterochrom/lo
chr6	5231458	-	GGGCTTTTTAGCACAC	-1.5175327129319969	4_Strong_Enhancer
chr6	24743483	-	ATGTCGCAGGATCTTG	-0.9876602858299545	5_Strong_Enhancer
chr12	50531554	-	TACTTGCACTATTAAC	-1.0084011862305182	10_Txn_Elongation
chr12	56124238	+	ACGCTTTAGATTTGTT	0.31945781892209874	4_Strong_Enhancer
chr8	63309568	+	ATCGTGCGTGCTTGGA	-0.8025329953183917	13_Heterochrom/lo
chr10	22022519	+	CCGGCGTACCATGATA	-1.1039353599054522	10_Txn_Elongation
chr18	32548657	+	TTAGAGCAGGGATTTC	-1.1415411002834817	12_Repressed
chr17	30218050	+	TAAGGTTATCTGGAAC	0.25933375224111743	10_Txn_Elongation
chr2	70268212	-	TCAGCAAGAATTTATA	-1.0447259852559574	11_Weak_Txn
chr1	65068203	-	TTCCACAGAGTTCCCT	0.2305372493214313	13_Heterochrom/lo
chr8	80439772	-	CTGCCTTAGAAGTAAG	-0.7905141853344719	13_Heterochrom/lo
chr3	59548620	-	ATACGAGGTCGTGTAT	0.9094359223603689	13_Heterochrom/lo
chr6	154734028	+	GGTTGTTAGTTGTGGT	2.1375432026759396	10_Txn_Elongation
chr16	11914390	+	GTGAAATATGGATACA	-0.2736584593448526	13_Heterochrom/lo
chr8	144796786	+	AGGTTGCACGACAATC	0.5588675734465218	13_Heterochrom/lo